[
  { "lat" :22.3811124,"lng" : 73.1218408,"title" : "KM Post 0", "snippet": "KAPL Ex Koyali"},
  { "lat" :22.3819522,"lng" : 73.1218184,"title" : "KM Post 0.1", "snippet": "KAPL Ex Koyali"},
  { "lat" :22.3827529,"lng" : 73.1214388,"title" : "KM Post 0.2", "snippet": "KAPL Ex Koyali"},
  { "lat" :22.3834824,"lng" : 73.1209309,"title" : "KM Post 0.3", "snippet": "KAPL Ex Koyali"},
  { "lat" :22.3843536,"lng" : 73.1207028,"title" : "KM Post 0.4", "snippet": "KAPL Ex Koyali"},
  { "lat" :22.3852505,"lng" : 73.1207116,"title" : "KM Post 0.5", "snippet": "KAPL Ex Koyali"},
  { "lat" :22.3861312,"lng" : 73.1207701,"title" : "KM Post 0.6", "snippet": "KAPL Ex Koyali"},
  { "lat" :22.387034,"lng" : 73.1208743,"title" : "KM Post 0.7", "snippet": "KAPL Ex Koyali"},
  { "lat" :22.3879103,"lng" : 73.1211109,"title" : "KM Post 0.8", "snippet": "KAPL Ex Koyali"},
  { "lat" :22.388715,"lng" : 73.1215482,"title" : "KM Post 0.9", "snippet": "KAPL Ex Koyali"},
  { "lat" :22.3892443,"lng" : 73.1223345,"title" : "KM Post 1", "snippet": "KAPL Ex Koyali"},
  { "lat" :22.389701,"lng" : 73.1232595,"title" : "KM Post 1.1", "snippet": "KAPL Ex Koyali"},
  { "lat" :22.3902274,"lng" : 73.1238921,"title" : "KM Post 1.2", "snippet": "KAPL Ex Koyali"},
  { "lat" :22.3910612,"lng" : 73.1235129,"title" : "KM Post 1.3", "snippet": "KAPL Ex Koyali"},
  { "lat" :22.3918549,"lng" : 73.1231438,"title" : "KM Post 1.4", "snippet": "KAPL Ex Koyali"},
  { "lat" :22.3927061,"lng" : 73.1227467,"title" : "KM Post 1.5", "snippet": "KAPL Ex Koyali"},
  { "lat" :22.3935459,"lng" : 73.1223513,"title" : "KM Post 1.6", "snippet": "KAPL Ex Koyali"},
  { "lat" :22.3943419,"lng" : 73.1219686,"title" : "KM Post 1.7", "snippet": "KAPL Ex Koyali"},
  { "lat" :22.3952326,"lng" : 73.1215664,"title" : "KM Post 1.8", "snippet": "KAPL Ex Koyali"},
  { "lat" :22.396038,"lng" : 73.1211943,"title" : "KM Post 1.9", "snippet": "KAPL Ex Koyali"},
  { "lat" :22.3967411,"lng" : 73.1214399,"title" : "KM Post 2", "snippet": "KAPL Ex Koyali"},
  { "lat" :22.3973299,"lng" : 73.1220967,"title" : "KM Post 2.1", "snippet": "KAPL Ex Koyali"},
  { "lat" :22.3981429,"lng" : 73.1215663,"title" : "KM Post 2.2", "snippet": "KAPL Ex Koyali"},
  { "lat" :22.3988737,"lng" : 73.1210581,"title" : "KM Post 2.3", "snippet": "KAPL Ex Koyali"},
  { "lat" :22.3996574,"lng" : 73.1205167,"title" : "KM Post 2.4", "snippet": "KAPL Ex Koyali"},
  { "lat" :22.4003843,"lng" : 73.1200121,"title" : "KM Post 2.5", "snippet": "KAPL Ex Koyali"},
  { "lat" :22.4011906,"lng" : 73.1194444,"title" : "KM Post 2.6", "snippet": "KAPL Ex Koyali"},
  { "lat" :22.4019033,"lng" : 73.1189426,"title" : "KM Post 2.7", "snippet": "KAPL Ex Koyali"},
  { "lat" :22.4026284,"lng" : 73.118434,"title" : "KM Post 2.8", "snippet": "KAPL Ex Koyali"},
  { "lat" :22.4033889,"lng" : 73.1179026,"title" : "KM Post 2.9", "snippet": "KAPL Ex Koyali"},
  { "lat" :22.404203,"lng" : 73.1173279,"title" : "KM Post 3", "snippet": "KAPL Ex Koyali"},
  { "lat" :22.4049265,"lng" : 73.1168198,"title" : "KM Post 3.1", "snippet": "KAPL Ex Koyali"},
  { "lat" :22.4056708,"lng" : 73.1163083,"title" : "KM Post 3.2", "snippet": "KAPL Ex Koyali"},
  { "lat" :22.4064417,"lng" : 73.1157603,"title" : "KM Post 3.3", "snippet": "KAPL Ex Koyali"},
  { "lat" :22.4072301,"lng" : 73.1152246,"title" : "KM Post 3.4", "snippet": "KAPL Ex Koyali"},
  { "lat" :22.4078583,"lng" : 73.1146184,"title" : "KM Post 3.5", "snippet": "KAPL Ex Koyali"},
  { "lat" :22.4082666,"lng" : 73.1137928,"title" : "KM Post 3.6", "snippet": "KAPL Ex Koyali"},
  { "lat" :22.4087116,"lng" : 73.1128995,"title" : "KM Post 3.7", "snippet": "KAPL Ex Koyali"},
  { "lat" :22.4091176,"lng" : 73.1120795,"title" : "KM Post 3.8", "snippet": "KAPL Ex Koyali"},
  { "lat" :22.4095442,"lng" : 73.111215,"title" : "KM Post 3.9", "snippet": "KAPL Ex Koyali"},
  { "lat" :22.4099733,"lng" : 73.1103574,"title" : "KM Post 4", "snippet": "KAPL Ex Koyali"},
  { "lat" :22.4103855,"lng" : 73.1095042,"title" : "KM Post 4.1", "snippet": "KAPL Ex Koyali"},
  { "lat" :22.4108392,"lng" : 73.1087043,"title" : "KM Post 4.2", "snippet": "KAPL Ex Koyali"},
  { "lat" :22.4114043,"lng" : 73.1079296,"title" : "KM Post 4.3", "snippet": "KAPL Ex Koyali"},
  { "lat" :22.4118492,"lng" : 73.1071311,"title" : "KM Post 4.4", "snippet": "KAPL Ex Koyali"},
  { "lat" :22.4120569,"lng" : 73.1061781,"title" : "KM Post 4.5", "snippet": "KAPL Ex Koyali"},
  { "lat" :22.4122068,"lng" : 73.1052435,"title" : "KM Post 4.6", "snippet": "KAPL Ex Koyali"},
  { "lat" :22.4128183,"lng" : 73.1045433,"title" : "KM Post 4.7", "snippet": "KAPL Ex Koyali"},
  { "lat" :22.4134093,"lng" : 73.1038586,"title" : "KM Post 4.8", "snippet": "KAPL Ex Koyali"},
  { "lat" :22.4140506,"lng" : 73.1031256,"title" : "KM Post 4.9", "snippet": "KAPL Ex Koyali"},
  { "lat" :22.4146802,"lng" : 73.1024033,"title" : "KM Post 5", "snippet": "KAPL Ex Koyali"},
  { "lat" :22.41529,"lng" : 73.1017027,"title" : "KM Post 5.1", "snippet": "KAPL Ex Koyali"},
  { "lat" :22.4159315,"lng" : 73.1010057,"title" : "KM Post 5.2", "snippet": "KAPL Ex Koyali"},
  { "lat" :22.4165275,"lng" : 73.1003519,"title" : "KM Post 5.3", "snippet": "KAPL Ex Koyali"},
  { "lat" :22.4171761,"lng" : 73.0996419,"title" : "KM Post 5.4", "snippet": "KAPL Ex Koyali"},
  { "lat" :22.4178402,"lng" : 73.0989224,"title" : "KM Post 5.5", "snippet": "KAPL Ex Koyali"},
  { "lat" :22.4184641,"lng" : 73.0982397,"title" : "KM Post 5.6", "snippet": "KAPL Ex Koyali"},
  { "lat" :22.4191375,"lng" : 73.0975059,"title" : "KM Post 5.7", "snippet": "KAPL Ex Koyali"},
  { "lat" :22.4197388,"lng" : 73.0968491,"title" : "KM Post 5.8", "snippet": "KAPL Ex Koyali"},
  { "lat" :22.4204021,"lng" : 73.0961251,"title" : "KM Post 5.9", "snippet": "KAPL Ex Koyali"},
  { "lat" :22.4209752,"lng" : 73.0954979,"title" : "KM Post 6", "snippet": "KAPL Ex Koyali"},
  { "lat" :22.4216448,"lng" : 73.0947691,"title" : "KM Post 6.1", "snippet": "KAPL Ex Koyali"},
  { "lat" :22.4222334,"lng" : 73.094113,"title" : "KM Post 6.2", "snippet": "KAPL Ex Koyali"},
  { "lat" :22.4228984,"lng" : 73.0933952,"title" : "KM Post 6.3", "snippet": "KAPL Ex Koyali"},
  { "lat" :22.423497,"lng" : 73.0927379,"title" : "KM Post 6.4", "snippet": "KAPL Ex Koyali"},
  { "lat" :22.4241725,"lng" : 73.0919963,"title" : "KM Post 6.5", "snippet": "KAPL Ex Koyali"},
  { "lat" :22.42477,"lng" : 73.0913463,"title" : "KM Post 6.6", "snippet": "KAPL Ex Koyali"},
  { "lat" :22.4254058,"lng" : 73.0906409,"title" : "KM Post 6.7", "snippet": "KAPL Ex Koyali"},
  { "lat" :22.4260601,"lng" : 73.089936,"title" : "KM Post 6.8", "snippet": "KAPL Ex Koyali"},
  { "lat" :22.4266638,"lng" : 73.089274,"title" : "KM Post 6.9", "snippet": "KAPL Ex Koyali"},
  { "lat" :22.4273485,"lng" : 73.0885211,"title" : "KM Post 7", "snippet": "KAPL Ex Koyali"},
  { "lat" :22.4279398,"lng" : 73.087874,"title" : "KM Post 7.1", "snippet": "KAPL Ex Koyali"},
  { "lat" :22.4286166,"lng" : 73.0871413,"title" : "KM Post 7.2", "snippet": "KAPL Ex Koyali"},
  { "lat" :22.4292117,"lng" : 73.086495,"title" : "KM Post 7.3", "snippet": "KAPL Ex Koyali"},
  { "lat" :22.4298331,"lng" : 73.085816,"title" : "KM Post 7.4", "snippet": "KAPL Ex Koyali"},
  { "lat" :22.4305079,"lng" : 73.0850741,"title" : "KM Post 7.5", "snippet": "KAPL Ex Koyali"},
  { "lat" :22.431111,"lng" : 73.0844134,"title" : "KM Post 7.6", "snippet": "KAPL Ex Koyali"},
  { "lat" :22.431731,"lng" : 73.0837407,"title" : "KM Post 7.7", "snippet": "KAPL Ex Koyali"},
  { "lat" :22.4323728,"lng" : 73.0830262,"title" : "KM Post 7.8", "snippet": "KAPL Ex Koyali"},
  { "lat" :22.4330375,"lng" : 73.0823069,"title" : "KM Post 7.9", "snippet": "KAPL Ex Koyali"},
  { "lat" :22.433666,"lng" : 73.0815818,"title" : "KM Post 8", "snippet": "KAPL Ex Koyali"},
  { "lat" :22.4340072,"lng" : 73.08077,"title" : "KM Post 8.1", "snippet": "KAPL Ex Koyali"},
  { "lat" :22.4343817,"lng" : 73.0798967,"title" : "KM Post 8.2", "snippet": "KAPL Ex Koyali"},
  { "lat" :22.4347862,"lng" : 73.0789711,"title" : "KM Post 8.3", "snippet": "KAPL Ex Koyali"},
  { "lat" :22.4351984,"lng" : 73.0781087,"title" : "KM Post 8.4", "snippet": "KAPL Ex Koyali"},
  { "lat" :22.4358494,"lng" : 73.077521,"title" : "KM Post 8.5", "snippet": "KAPL Ex Koyali"},
  { "lat" :22.4365146,"lng" : 73.0768111,"title" : "KM Post 8.6", "snippet": "KAPL Ex Koyali"},
  { "lat" :22.4370016,"lng" : 73.0759053,"title" : "KM Post 8.7", "snippet": "KAPL Ex Koyali"},
  { "lat" :22.4375943,"lng" : 73.0758338,"title" : "KM Post 8.8", "snippet": "KAPL Ex Koyali"},
  { "lat" :22.4382277,"lng" : 73.075193,"title" : "KM Post 8.9", "snippet": "KAPL Ex Koyali"},
  { "lat" :22.4388549,"lng" : 73.0744809,"title" : "KM Post 9", "snippet": "KAPL Ex Koyali"},
  { "lat" :22.4394576,"lng" : 73.073773,"title" : "KM Post 9.1", "snippet": "KAPL Ex Koyali"},
  { "lat" :22.4400749,"lng" : 73.0730349,"title" : "KM Post 9.2", "snippet": "KAPL Ex Koyali"},
  { "lat" :22.4406625,"lng" : 73.0723188,"title" : "KM Post 9.3", "snippet": "KAPL Ex Koyali"},
  { "lat" :22.4406552,"lng" : 73.0714079,"title" : "KM Post 9.4", "snippet": "KAPL Ex Koyali"},
  { "lat" :22.4413424,"lng" : 73.070823,"title" : "KM Post 9.5", "snippet": "KAPL Ex Koyali"},
  { "lat" :22.4420437,"lng" : 73.0701658,"title" : "KM Post 9.6", "snippet": "KAPL Ex Koyali"},
  { "lat" :22.4426387,"lng" : 73.0695148,"title" : "KM Post 9.7", "snippet": "KAPL Ex Koyali"},
  { "lat" :22.443332,"lng" : 73.0688572,"title" : "KM Post 9.8", "snippet": "KAPL Ex Koyali"},
  { "lat" :22.4439856,"lng" : 73.0682421,"title" : "KM Post 9.9", "snippet": "KAPL Ex Koyali"},
  { "lat" :22.4446704,"lng" : 73.0676016,"title" : "KM Post 10", "snippet": "KAPL Ex Koyali"},
  { "lat" :22.4453776,"lng" : 73.0669511,"title" : "KM Post 10.1", "snippet": "KAPL Ex Koyali"},
  { "lat" :22.4462602,"lng" : 73.0665628,"title" : "KM Post 10.2", "snippet": "KAPL Ex Koyali"},
  { "lat" :22.446841,"lng" : 73.0659951,"title" : "KM Post 10.3", "snippet": "KAPL Ex Koyali"},
  { "lat" :22.4473146,"lng" : 73.0651192,"title" : "KM Post 10.4", "snippet": "KAPL Ex Koyali"},
  { "lat" :22.447628,"lng" : 73.0643829,"title" : "KM Post 10.5", "snippet": "KAPL Ex Koyali"},
  { "lat" :22.4471314,"lng" : 73.0635546,"title" : "KM Post 10.6", "snippet": "KAPL Ex Koyali"},
  { "lat" :22.4471813,"lng" : 73.0625702,"title" : "KM Post 10.7", "snippet": "KAPL Ex Koyali"},
  { "lat" :22.4474364,"lng" : 73.0617041,"title" : "KM Post 10.8", "snippet": "KAPL Ex Koyali"},
  { "lat" :22.4476573,"lng" : 73.060747,"title" : "KM Post 10.9", "snippet": "KAPL Ex Koyali"},
  { "lat" :22.4478795,"lng" : 73.0597723,"title" : "KM Post 11", "snippet": "KAPL Ex Koyali"},
  { "lat" :22.4480903,"lng" : 73.0588467,"title" : "KM Post 11.1", "snippet": "KAPL Ex Koyali"},
  { "lat" :22.4483087,"lng" : 73.0579218,"title" : "KM Post 11.2", "snippet": "KAPL Ex Koyali"},
  { "lat" :22.4485402,"lng" : 73.0569239,"title" : "KM Post 11.3", "snippet": "KAPL Ex Koyali"},
  { "lat" :22.448746,"lng" : 73.0560245,"title" : "KM Post 11.4", "snippet": "KAPL Ex Koyali"},
  { "lat" :22.4489603,"lng" : 73.0550754,"title" : "KM Post 11.5", "snippet": "KAPL Ex Koyali"},
  { "lat" :22.4491779,"lng" : 73.0541008,"title" : "KM Post 11.6", "snippet": "KAPL Ex Koyali"},
  { "lat" :22.4494026,"lng" : 73.05319,"title" : "KM Post 11.7", "snippet": "KAPL Ex Koyali"},
  { "lat" :22.4495677,"lng" : 73.0522203,"title" : "KM Post 11.8", "snippet": "KAPL Ex Koyali"},
  { "lat" :22.4498027,"lng" : 73.0513398,"title" : "KM Post 11.9", "snippet": "KAPL Ex Koyali"},
  { "lat" :22.4500581,"lng" : 73.0503855,"title" : "KM Post 12", "snippet": "KAPL Ex Koyali"},
  { "lat" :22.4502656,"lng" : 73.049439,"title" : "KM Post 12.1", "snippet": "KAPL Ex Koyali"},
  { "lat" :22.4504756,"lng" : 73.0484667,"title" : "KM Post 12.2", "snippet": "KAPL Ex Koyali"},
  { "lat" :22.4510257,"lng" : 73.0477049,"title" : "KM Post 12.3", "snippet": "KAPL Ex Koyali"},
  { "lat" :22.4516814,"lng" : 73.0470357,"title" : "KM Post 12.4", "snippet": "KAPL Ex Koyali"},
  { "lat" :22.4523518,"lng" : 73.0463657,"title" : "KM Post 12.5", "snippet": "KAPL Ex Koyali"},
  { "lat" :22.4529774,"lng" : 73.0457249,"title" : "KM Post 12.6", "snippet": "KAPL Ex Koyali"},
  { "lat" :22.4536726,"lng" : 73.045025,"title" : "KM Post 12.7", "snippet": "KAPL Ex Koyali"},
  { "lat" :22.4543002,"lng" : 73.0443929,"title" : "KM Post 12.8", "snippet": "KAPL Ex Koyali"},
  { "lat" :22.4550025,"lng" : 73.0436816,"title" : "KM Post 12.9", "snippet": "KAPL Ex Koyali"},
  { "lat" :22.4556131,"lng" : 73.0430651,"title" : "KM Post 13", "snippet": "KAPL Ex Koyali"},
  { "lat" :22.4563259,"lng" : 73.042348,"title" : "KM Post 13.1", "snippet": "KAPL Ex Koyali"},
  { "lat" :22.4569519,"lng" : 73.0417154,"title" : "KM Post 13.2", "snippet": "KAPL Ex Koyali"},
  { "lat" :22.4575941,"lng" : 73.0410745,"title" : "KM Post 13.3", "snippet": "KAPL Ex Koyali"},
  { "lat" :22.4582829,"lng" : 73.040377,"title" : "KM Post 13.4", "snippet": "KAPL Ex Koyali"},
  { "lat" :22.4589533,"lng" : 73.0397115,"title" : "KM Post 13.5", "snippet": "KAPL Ex Koyali"},
  { "lat" :22.4596109,"lng" : 73.0390689,"title" : "KM Post 13.6", "snippet": "KAPL Ex Koyali"},
  { "lat" :22.4602532,"lng" : 73.0384375,"title" : "KM Post 13.7", "snippet": "KAPL Ex Koyali"},
  { "lat" :22.4609525,"lng" : 73.037759,"title" : "KM Post 13.8", "snippet": "KAPL Ex Koyali"},
  { "lat" :22.4616051,"lng" : 73.0370993,"title" : "KM Post 13.9", "snippet": "KAPL Ex Koyali"},
  { "lat" :22.4622471,"lng" : 73.0365153,"title" : "KM Post 14", "snippet": "KAPL Ex Koyali"},
  { "lat" :22.4629321,"lng" : 73.0358536,"title" : "KM Post 14.1", "snippet": "KAPL Ex Koyali"},
  { "lat" :22.4636422,"lng" : 73.0351604,"title" : "KM Post 14.2", "snippet": "KAPL Ex Koyali"},
  { "lat" :22.4642562,"lng" : 73.0345616,"title" : "KM Post 14.3", "snippet": "KAPL Ex Koyali"},
  { "lat" :22.4649475,"lng" : 73.0338961,"title" : "KM Post 14.4", "snippet": "KAPL Ex Koyali"},
  { "lat" :22.4656564,"lng" : 73.033205,"title" : "KM Post 14.5", "snippet": "KAPL Ex Koyali"},
  { "lat" :22.4663408,"lng" : 73.0325458,"title" : "KM Post 14.6", "snippet": "KAPL Ex Koyali"},
  { "lat" :22.4669804,"lng" : 73.0319145,"title" : "KM Post 14.7", "snippet": "KAPL Ex Koyali"},
  { "lat" :22.4676227,"lng" : 73.031297,"title" : "KM Post 14.8", "snippet": "KAPL Ex Koyali"},
  { "lat" :22.4683335,"lng" : 73.0306142,"title" : "KM Post 14.9", "snippet": "KAPL Ex Koyali"},
  { "lat" :22.4689811,"lng" : 73.0299917,"title" : "KM Post 15", "snippet": "KAPL Ex Koyali"},
  { "lat" :22.469643,"lng" : 73.0293474,"title" : "KM Post 15.1", "snippet": "KAPL Ex Koyali"},
  { "lat" :22.4702992,"lng" : 73.0287171,"title" : "KM Post 15.2", "snippet": "KAPL Ex Koyali"},
  { "lat" :22.4709926,"lng" : 73.0280465,"title" : "KM Post 15.3", "snippet": "KAPL Ex Koyali"},
  { "lat" :22.4716908,"lng" : 73.0273709,"title" : "KM Post 15.4", "snippet": "KAPL Ex Koyali"},
  { "lat" :22.4723223,"lng" : 73.026748,"title" : "KM Post 15.5", "snippet": "KAPL Ex Koyali"},
  { "lat" :22.4730418,"lng" : 73.0260476,"title" : "KM Post 15.6", "snippet": "KAPL Ex Koyali"},
  { "lat" :22.4736483,"lng" : 73.0254537,"title" : "KM Post 15.7", "snippet": "KAPL Ex Koyali"},
  { "lat" :22.4743229,"lng" : 73.0247868,"title" : "KM Post 15.8", "snippet": "KAPL Ex Koyali"},
  { "lat" :22.4750451,"lng" : 73.0240529,"title" : "KM Post 15.9", "snippet": "KAPL Ex Koyali"},
  { "lat" :22.4756667,"lng" : 73.0234359,"title" : "KM Post 16", "snippet": "KAPL Ex Koyali"},
  { "lat" :22.4762946,"lng" : 73.0228141,"title" : "KM Post 16.1", "snippet": "KAPL Ex Koyali"},
  { "lat" :22.4769999,"lng" : 73.0221197,"title" : "KM Post 16.2", "snippet": "KAPL Ex Koyali"},
  { "lat" :22.4776341,"lng" : 73.0214866,"title" : "KM Post 16.3", "snippet": "KAPL Ex Koyali"},
  { "lat" :22.4783011,"lng" : 73.0208099,"title" : "KM Post 16.4", "snippet": "KAPL Ex Koyali"},
  { "lat" :22.478967,"lng" : 73.0201351,"title" : "KM Post 16.5", "snippet": "KAPL Ex Koyali"},
  { "lat" :22.4795932,"lng" : 73.0194937,"title" : "KM Post 16.6", "snippet": "KAPL Ex Koyali"},
  { "lat" :22.4803046,"lng" : 73.0187578,"title" : "KM Post 16.7", "snippet": "KAPL Ex Koyali"},
  { "lat" :22.4809151,"lng" : 73.0181464,"title" : "KM Post 16.8", "snippet": "KAPL Ex Koyali"},
  { "lat" :22.4815666,"lng" : 73.0174721,"title" : "KM Post 16.9", "snippet": "KAPL Ex Koyali"},
  { "lat" :22.4822621,"lng" : 73.0167559,"title" : "KM Post 17", "snippet": "KAPL Ex Koyali"},
  { "lat" :22.4829225,"lng" : 73.01607,"title" : "KM Post 17.1", "snippet": "KAPL Ex Koyali"},
  { "lat" :22.4835436,"lng" : 73.0154316,"title" : "KM Post 17.2", "snippet": "KAPL Ex Koyali"},
  { "lat" :22.4842248,"lng" : 73.0147352,"title" : "KM Post 17.3", "snippet": "KAPL Ex Koyali"},
  { "lat" :22.4848487,"lng" : 73.0140925,"title" : "KM Post 17.4", "snippet": "KAPL Ex Koyali"},
  { "lat" :22.4854906,"lng" : 73.0134324,"title" : "KM Post 17.5", "snippet": "KAPL Ex Koyali"},
  { "lat" :22.48613,"lng" : 73.0127826,"title" : "KM Post 17.6", "snippet": "KAPL Ex Koyali"},
  { "lat" :22.4868481,"lng" : 73.0121222,"title" : "KM Post 17.7", "snippet": "KAPL Ex Koyali"},
  { "lat" :22.4875623,"lng" : 73.0114511,"title" : "KM Post 17.8", "snippet": "KAPL Ex Koyali"},
  { "lat" :22.4881507,"lng" : 73.0107956,"title" : "KM Post 17.9", "snippet": "KAPL Ex Koyali"},
  { "lat" :22.4888275,"lng" : 73.0100463,"title" : "KM Post 18", "snippet": "KAPL Ex Koyali"},
  { "lat" :22.4894108,"lng" : 73.0094081,"title" : "KM Post 18.1", "snippet": "KAPL Ex Koyali"},
  { "lat" :22.4900622,"lng" : 73.008746,"title" : "KM Post 18.2", "snippet": "KAPL Ex Koyali"},
  { "lat" :22.490706,"lng" : 73.0080828,"title" : "KM Post 18.3", "snippet": "KAPL Ex Koyali"},
  { "lat" :22.4914003,"lng" : 73.0073537,"title" : "KM Post 18.4", "snippet": "KAPL Ex Koyali"},
  { "lat" :22.4920156,"lng" : 73.0067566,"title" : "KM Post 18.5", "snippet": "KAPL Ex Koyali"},
  { "lat" :22.4926243,"lng" : 73.0060402,"title" : "KM Post 18.6", "snippet": "KAPL Ex Koyali"},
  { "lat" :22.4932673,"lng" : 73.0052611,"title" : "KM Post 18.7", "snippet": "KAPL Ex Koyali"},
  { "lat" :22.4938235,"lng" : 73.0045957,"title" : "KM Post 18.8", "snippet": "KAPL Ex Koyali"},
  { "lat" :22.49445,"lng" : 73.0038264,"title" : "KM Post 18.9", "snippet": "KAPL Ex Koyali"},
  { "lat" :22.4950706,"lng" : 73.003064,"title" : "KM Post 19", "snippet": "KAPL Ex Koyali"},
  { "lat" :22.4956476,"lng" : 73.0023727,"title" : "KM Post 19.1", "snippet": "KAPL Ex Koyali"},
  { "lat" :22.496262,"lng" : 73.0016205,"title" : "KM Post 19.2", "snippet": "KAPL Ex Koyali"},
  { "lat" :22.4968338,"lng" : 73.0009251,"title" : "KM Post 19.3", "snippet": "KAPL Ex Koyali"},
  { "lat" :22.4974122,"lng" : 73.0002235,"title" : "KM Post 19.4", "snippet": "KAPL Ex Koyali"},
  { "lat" :22.4980572,"lng" : 72.9994502,"title" : "KM Post 19.5", "snippet": "KAPL Ex Koyali"},
  { "lat" :22.4986279,"lng" : 72.9987549,"title" : "KM Post 19.6", "snippet": "KAPL Ex Koyali"},
  { "lat" :22.4992165,"lng" : 72.9980356,"title" : "KM Post 19.7", "snippet": "KAPL Ex Koyali"},
  { "lat" :22.499811,"lng" : 72.9973202,"title" : "KM Post 19.8", "snippet": "KAPL Ex Koyali"},
  { "lat" :22.5004515,"lng" : 72.9965449,"title" : "KM Post 19.9", "snippet": "KAPL Ex Koyali"},
  { "lat" :22.5010298,"lng" : 72.9958428,"title" : "KM Post 20", "snippet": "KAPL Ex Koyali"},
  { "lat" :22.5016351,"lng" : 72.9951063,"title" : "KM Post 20.1", "snippet": "KAPL Ex Koyali"},
  { "lat" :22.5022071,"lng" : 72.9944,"title" : "KM Post 20.2", "snippet": "KAPL Ex Koyali"},
  { "lat" :22.5028531,"lng" : 72.9936358,"title" : "KM Post 20.3", "snippet": "KAPL Ex Koyali"},
  { "lat" :22.5034267,"lng" : 72.9929479,"title" : "KM Post 20.4", "snippet": "KAPL Ex Koyali"},
  { "lat" :22.5040564,"lng" : 72.9921655,"title" : "KM Post 20.5", "snippet": "KAPL Ex Koyali"},
  { "lat" :22.5046233,"lng" : 72.991465,"title" : "KM Post 20.6", "snippet": "KAPL Ex Koyali"},
  { "lat" :22.5052354,"lng" : 72.9907166,"title" : "KM Post 20.7", "snippet": "KAPL Ex Koyali"},
  { "lat" :22.5058514,"lng" : 72.9899722,"title" : "KM Post 20.8", "snippet": "KAPL Ex Koyali"},
  { "lat" :22.5064321,"lng" : 72.9892726,"title" : "KM Post 20.9", "snippet": "KAPL Ex Koyali"},
  { "lat" :22.5070022,"lng" : 72.9885833,"title" : "KM Post 21", "snippet": "KAPL Ex Koyali"},
  { "lat" :22.5076277,"lng" : 72.9878253,"title" : "KM Post 21.1", "snippet": "KAPL Ex Koyali"},
  { "lat" :22.5082005,"lng" : 72.9871306,"title" : "KM Post 21.2", "snippet": "KAPL Ex Koyali"},
  { "lat" :22.508786,"lng" : 72.9864094,"title" : "KM Post 21.3", "snippet": "KAPL Ex Koyali"},
  { "lat" :22.5094026,"lng" : 72.9856358,"title" : "KM Post 21.4", "snippet": "KAPL Ex Koyali"},
  { "lat" :22.5099659,"lng" : 72.9849304,"title" : "KM Post 21.5", "snippet": "KAPL Ex Koyali"},
  { "lat" :22.5105754,"lng" : 72.9841966,"title" : "KM Post 21.6", "snippet": "KAPL Ex Koyali"},
  { "lat" :22.5112218,"lng" : 72.9834269,"title" : "KM Post 21.7", "snippet": "KAPL Ex Koyali"},
  { "lat" :22.5119037,"lng" : 72.9828647,"title" : "KM Post 21.8", "snippet": "KAPL Ex Koyali"},
  { "lat" :22.5127349,"lng" : 72.9825793,"title" : "KM Post 21.9", "snippet": "KAPL Ex Koyali"},
  { "lat" :22.5134058,"lng" : 72.981867,"title" : "KM Post 22", "snippet": "KAPL Ex Koyali"},
  { "lat" :22.5140324,"lng" : 72.9811741,"title" : "KM Post 22.1", "snippet": "KAPL Ex Koyali"},
  { "lat" :22.5146282,"lng" : 72.9805116,"title" : "KM Post 22.2", "snippet": "KAPL Ex Koyali"},
  { "lat" :22.5152726,"lng" : 72.9797832,"title" : "KM Post 22.3", "snippet": "KAPL Ex Koyali"},
  { "lat" :22.5158988,"lng" : 72.9790831,"title" : "KM Post 22.4", "snippet": "KAPL Ex Koyali"},
  { "lat" :22.5164964,"lng" : 72.978403,"title" : "KM Post 22.5", "snippet": "KAPL Ex Koyali"},
  { "lat" :22.5171246,"lng" : 72.9776996,"title" : "KM Post 22.6", "snippet": "KAPL Ex Koyali"},
  { "lat" :22.5178012,"lng" : 72.9769339,"title" : "KM Post 22.7", "snippet": "KAPL Ex Koyali"},
  { "lat" :22.5183898,"lng" : 72.9762725,"title" : "KM Post 22.8", "snippet": "KAPL Ex Koyali"},
  { "lat" :22.5190597,"lng" : 72.9756109,"title" : "KM Post 22.9", "snippet": "KAPL Ex Koyali"},
  { "lat" :22.5196613,"lng" : 72.97493,"title" : "KM Post 23", "snippet": "KAPL Ex Koyali"},
  { "lat" :22.5202812,"lng" : 72.9741668,"title" : "KM Post 23.1", "snippet": "KAPL Ex Koyali"},
  { "lat" :22.5209135,"lng" : 72.9734428,"title" : "KM Post 23.2", "snippet": "KAPL Ex Koyali"},
  { "lat" :22.5215079,"lng" : 72.9727696,"title" : "KM Post 23.3", "snippet": "KAPL Ex Koyali"},
  { "lat" :22.522173,"lng" : 72.9720167,"title" : "KM Post 23.4", "snippet": "KAPL Ex Koyali"},
  { "lat" :22.5227656,"lng" : 72.9713488,"title" : "KM Post 23.5", "snippet": "KAPL Ex Koyali"},
  { "lat" :22.5233673,"lng" : 72.9706775,"title" : "KM Post 23.6", "snippet": "KAPL Ex Koyali"},
  { "lat" :22.5240122,"lng" : 72.9699429,"title" : "KM Post 23.7", "snippet": "KAPL Ex Koyali"},
  { "lat" :22.5246125,"lng" : 72.9692812,"title" : "KM Post 23.8", "snippet": "KAPL Ex Koyali"},
  { "lat" :22.525244,"lng" : 72.9685658,"title" : "KM Post 23.9", "snippet": "KAPL Ex Koyali"},
  { "lat" :22.525879,"lng" : 72.9678594,"title" : "KM Post 24", "snippet": "KAPL Ex Koyali"},
  { "lat" :22.5265263,"lng" : 72.9671298,"title" : "KM Post 24.1", "snippet": "KAPL Ex Koyali"},
  { "lat" :22.5271064,"lng" : 72.9664753,"title" : "KM Post 24.2", "snippet": "KAPL Ex Koyali"},
  { "lat" :22.5277642,"lng" : 72.9657497,"title" : "KM Post 24.3", "snippet": "KAPL Ex Koyali"},
  { "lat" :22.5283646,"lng" : 72.9650734,"title" : "KM Post 24.4", "snippet": "KAPL Ex Koyali"},
  { "lat" :22.5290357,"lng" : 72.9642983,"title" : "KM Post 24.5", "snippet": "KAPL Ex Koyali"},
  { "lat" :22.5296108,"lng" : 72.9636485,"title" : "KM Post 24.6", "snippet": "KAPL Ex Koyali"},
  { "lat" :22.5302311,"lng" : 72.9629477,"title" : "KM Post 24.7", "snippet": "KAPL Ex Koyali"},
  { "lat" :22.5308903,"lng" : 72.9622063,"title" : "KM Post 24.8", "snippet": "KAPL Ex Koyali"},
  { "lat" :22.5314885,"lng" : 72.9615337,"title" : "KM Post 24.9", "snippet": "KAPL Ex Koyali"},
  { "lat" :22.5320958,"lng" : 72.9608462,"title" : "KM Post 25", "snippet": "KAPL Ex Koyali"},
  { "lat" :22.5327411,"lng" : 72.960123,"title" : "KM Post 25.1", "snippet": "KAPL Ex Koyali"},
  { "lat" :22.5333946,"lng" : 72.9593828,"title" : "KM Post 25.2", "snippet": "KAPL Ex Koyali"},
  { "lat" :22.5339812,"lng" : 72.9587223,"title" : "KM Post 25.3", "snippet": "KAPL Ex Koyali"},
  { "lat" :22.5346167,"lng" : 72.9580068,"title" : "KM Post 25.4", "snippet": "KAPL Ex Koyali"},
  { "lat" :22.5352359,"lng" : 72.957304,"title" : "KM Post 25.5", "snippet": "KAPL Ex Koyali"},
  { "lat" :22.535907,"lng" : 72.9565498,"title" : "KM Post 25.6", "snippet": "KAPL Ex Koyali"},
  { "lat" :22.5364589,"lng" : 72.9559205,"title" : "KM Post 25.7", "snippet": "KAPL Ex Koyali"},
  { "lat" :22.5371315,"lng" : 72.9551713,"title" : "KM Post 25.8", "snippet": "KAPL Ex Koyali"},
  { "lat" :22.5377752,"lng" : 72.9544562,"title" : "KM Post 25.9", "snippet": "KAPL Ex Koyali"},
  { "lat" :22.5383966,"lng" : 72.9537677,"title" : "KM Post 26", "snippet": "KAPL Ex Koyali"},
  { "lat" :22.5389801,"lng" : 72.9531061,"title" : "KM Post 26.1", "snippet": "KAPL Ex Koyali"},
  { "lat" :22.5396191,"lng" : 72.9523778,"title" : "KM Post 26.2", "snippet": "KAPL Ex Koyali"},
  { "lat" :22.5402129,"lng" : 72.9517016,"title" : "KM Post 26.3", "snippet": "KAPL Ex Koyali"},
  { "lat" :22.5408508,"lng" : 72.9509898,"title" : "KM Post 26.4", "snippet": "KAPL Ex Koyali"},
  { "lat" :22.5415152,"lng" : 72.9502523,"title" : "KM Post 26.5", "snippet": "KAPL Ex Koyali"},
  { "lat" :22.5420949,"lng" : 72.9495972,"title" : "KM Post 26.6", "snippet": "KAPL Ex Koyali"},
  { "lat" :22.5427421,"lng" : 72.9489158,"title" : "KM Post 26.7", "snippet": "KAPL Ex Koyali"},
  { "lat" :22.5433928,"lng" : 72.9482579,"title" : "KM Post 26.8", "snippet": "KAPL Ex Koyali"},
  { "lat" :22.5442335,"lng" : 72.9479862,"title" : "KM Post 26.9", "snippet": "KAPL Ex Koyali"},
  { "lat" :22.5448975,"lng" : 72.9474226,"title" : "KM Post 27", "snippet": "KAPL Ex Koyali"},
  { "lat" :22.5455571,"lng" : 72.946721,"title" : "KM Post 27.1", "snippet": "KAPL Ex Koyali"},
  { "lat" :22.5461858,"lng" : 72.9460415,"title" : "KM Post 27.2", "snippet": "KAPL Ex Koyali"},
  { "lat" :22.5468156,"lng" : 72.9453493,"title" : "KM Post 27.3", "snippet": "KAPL Ex Koyali"},
  { "lat" :22.5474748,"lng" : 72.9446281,"title" : "KM Post 27.4", "snippet": "KAPL Ex Koyali"},
  { "lat" :22.5480904,"lng" : 72.9439647,"title" : "KM Post 27.5", "snippet": "KAPL Ex Koyali"},
  { "lat" :22.5487269,"lng" : 72.9432842,"title" : "KM Post 27.6", "snippet": "KAPL Ex Koyali"},
  { "lat" :22.5493561,"lng" : 72.9425956,"title" : "KM Post 27.7", "snippet": "KAPL Ex Koyali"},
  { "lat" :22.5500338,"lng" : 72.9418465,"title" : "KM Post 27.8", "snippet": "KAPL Ex Koyali"},
  { "lat" :22.5506315,"lng" : 72.9412116,"title" : "KM Post 27.9", "snippet": "KAPL Ex Koyali"},
  { "lat" :22.5512641,"lng" : 72.9405307,"title" : "KM Post 28", "snippet": "KAPL Ex Koyali"},
  { "lat" :22.5520556,"lng" : 72.9399958,"title" : "KM Post 28.1", "snippet": "KAPL Ex Koyali"},
  { "lat" :22.5528343,"lng" : 72.9396792,"title" : "KM Post 28.2", "snippet": "KAPL Ex Koyali"},
  { "lat" :22.5536999,"lng" : 72.9393061,"title" : "KM Post 28.3", "snippet": "KAPL Ex Koyali"},
  { "lat" :22.5545572,"lng" : 72.9389367,"title" : "KM Post 28.4", "snippet": "KAPL Ex Koyali"},
  { "lat" :22.5553258,"lng" : 72.938512,"title" : "KM Post 28.5", "snippet": "KAPL Ex Koyali"},
  { "lat" :22.5560072,"lng" : 72.9379064,"title" : "KM Post 28.6", "snippet": "KAPL Ex Koyali"},
  { "lat" :22.5567399,"lng" : 72.9372447,"title" : "KM Post 28.7", "snippet": "KAPL Ex Koyali"},
  { "lat" :22.5574025,"lng" : 72.9366482,"title" : "KM Post 28.8", "snippet": "KAPL Ex Koyali"},
  { "lat" :22.5581522,"lng" : 72.9359751,"title" : "KM Post 28.9", "snippet": "KAPL Ex Koyali"},
  { "lat" :22.5588054,"lng" : 72.9353895,"title" : "KM Post 29", "snippet": "KAPL Ex Koyali"},
  { "lat" :22.5595276,"lng" : 72.9347499,"title" : "KM Post 29.1", "snippet": "KAPL Ex Koyali"},
  { "lat" :22.5601999,"lng" : 72.9341542,"title" : "KM Post 29.2", "snippet": "KAPL Ex Koyali"},
  { "lat" :22.5608699,"lng" : 72.9335533,"title" : "KM Post 29.3", "snippet": "KAPL Ex Koyali"},
  { "lat" :22.5614361,"lng" : 72.9327892,"title" : "KM Post 29.4", "snippet": "KAPL Ex Koyali"},
  { "lat" :22.5618067,"lng" : 72.9318418,"title" : "KM Post 29.5", "snippet": "KAPL Ex Koyali"},
  { "lat" :22.5621314,"lng" : 72.9309747,"title" : "KM Post 29.6", "snippet": "KAPL Ex Koyali"},
  { "lat" :22.5624773,"lng" : 72.9300857,"title" : "KM Post 29.7", "snippet": "KAPL Ex Koyali"},
  { "lat" :22.5628313,"lng" : 72.9291826,"title" : "KM Post 29.8", "snippet": "KAPL Ex Koyali"},
  { "lat" :22.5631677,"lng" : 72.9283263,"title" : "KM Post 29.9", "snippet": "KAPL Ex Koyali"},
  { "lat" :22.5635416,"lng" : 72.9273771,"title" : "KM Post 30", "snippet": "KAPL Ex Koyali"},
  { "lat" :22.5638875,"lng" : 72.9264862,"title" : "KM Post 30.1", "snippet": "KAPL Ex Koyali"},
  { "lat" :22.5642421,"lng" : 72.9255864,"title" : "KM Post 30.2", "snippet": "KAPL Ex Koyali"},
  { "lat" :22.5645802,"lng" : 72.9247356,"title" : "KM Post 30.3", "snippet": "KAPL Ex Koyali"},
  { "lat" :22.5649533,"lng" : 72.9237703,"title" : "KM Post 30.4", "snippet": "KAPL Ex Koyali"},
  { "lat" :22.5653576,"lng" : 72.9229875,"title" : "KM Post 30.5", "snippet": "KAPL Ex Koyali"},
  { "lat" :22.5655937,"lng" : 72.922066,"title" : "KM Post 30.6", "snippet": "KAPL Ex Koyali"},
  { "lat" :22.5659401,"lng" : 72.9212079,"title" : "KM Post 30.7", "snippet": "KAPL Ex Koyali"},
  { "lat" :22.5663032,"lng" : 72.9203196,"title" : "KM Post 30.8", "snippet": "KAPL Ex Koyali"},
  { "lat" :22.5666769,"lng" : 72.919364,"title" : "KM Post 30.9", "snippet": "KAPL Ex Koyali"},
  { "lat" :22.5670388,"lng" : 72.9185554,"title" : "KM Post 31", "snippet": "KAPL Ex Koyali"},
  { "lat" :22.5673947,"lng" : 72.9176311,"title" : "KM Post 31.1", "snippet": "KAPL Ex Koyali"},
  { "lat" :22.5677308,"lng" : 72.9167584,"title" : "KM Post 31.2", "snippet": "KAPL Ex Koyali"},
  { "lat" :22.568088,"lng" : 72.9158299,"title" : "KM Post 31.3", "snippet": "KAPL Ex Koyali"},
  { "lat" :22.568433,"lng" : 72.9149475,"title" : "KM Post 31.4", "snippet": "KAPL Ex Koyali"},
  { "lat" :22.5687846,"lng" : 72.9140134,"title" : "KM Post 31.5", "snippet": "KAPL Ex Koyali"},
  { "lat" :22.5691317,"lng" : 72.9130675,"title" : "KM Post 31.6", "snippet": "KAPL Ex Koyali"},
  { "lat" :22.5694351,"lng" : 72.9122525,"title" : "KM Post 31.7", "snippet": "KAPL Ex Koyali"},
  { "lat" :22.5697763,"lng" : 72.9113408,"title" : "KM Post 31.8", "snippet": "KAPL Ex Koyali"},
  { "lat" :22.5701538,"lng" : 72.9104381,"title" : "KM Post 31.9", "snippet": "KAPL Ex Koyali"},
  { "lat" :22.5705402,"lng" : 72.9095134,"title" : "KM Post 32", "snippet": "KAPL Ex Koyali"},
  { "lat" :22.5709023,"lng" : 72.9086211,"title" : "KM Post 32.1", "snippet": "KAPL Ex Koyali"},
  { "lat" :22.5712205,"lng" : 72.9077818,"title" : "KM Post 32.2", "snippet": "KAPL Ex Koyali"},
  { "lat" :22.5715584,"lng" : 72.9068625,"title" : "KM Post 32.3", "snippet": "KAPL Ex Koyali"},
  { "lat" :22.5719296,"lng" : 72.9059288,"title" : "KM Post 32.4", "snippet": "KAPL Ex Koyali"},
  { "lat" :22.5722753,"lng" : 72.9050545,"title" : "KM Post 32.5", "snippet": "KAPL Ex Koyali"},
  { "lat" :22.5726243,"lng" : 72.9041326,"title" : "KM Post 32.6", "snippet": "KAPL Ex Koyali"},
  { "lat" :22.5729735,"lng" : 72.9032219,"title" : "KM Post 32.7", "snippet": "KAPL Ex Koyali"},
  { "lat" :22.5733012,"lng" : 72.9023823,"title" : "KM Post 32.8", "snippet": "KAPL Ex Koyali"},
  { "lat" :22.5736768,"lng" : 72.9014443,"title" : "KM Post 32.9", "snippet": "KAPL Ex Koyali"},
  { "lat" :22.5740343,"lng" : 72.9005752,"title" : "KM Post 33", "snippet": "KAPL Ex Koyali"},
  { "lat" :22.5743897,"lng" : 72.8996843,"title" : "KM Post 33.1", "snippet": "KAPL Ex Koyali"},
  { "lat" :22.5747492,"lng" : 72.8987891,"title" : "KM Post 33.2", "snippet": "KAPL Ex Koyali"},
  { "lat" :22.5751217,"lng" : 72.8978672,"title" : "KM Post 33.3", "snippet": "KAPL Ex Koyali"},
  { "lat" :22.5754489,"lng" : 72.8970531,"title" : "KM Post 33.4", "snippet": "KAPL Ex Koyali"},
  { "lat" :22.5758285,"lng" : 72.8961074,"title" : "KM Post 33.5", "snippet": "KAPL Ex Koyali"},
  { "lat" :22.5761837,"lng" : 72.8952326,"title" : "KM Post 33.6", "snippet": "KAPL Ex Koyali"},
  { "lat" :22.5765507,"lng" : 72.8943307,"title" : "KM Post 33.7", "snippet": "KAPL Ex Koyali"},
  { "lat" :22.57691,"lng" : 72.8934623,"title" : "KM Post 33.8", "snippet": "KAPL Ex Koyali"},
  { "lat" :22.5772732,"lng" : 72.8925656,"title" : "KM Post 33.9", "snippet": "KAPL Ex Koyali"},
  { "lat" :22.5777345,"lng" : 72.8917656,"title" : "KM Post 34", "snippet": "KAPL Ex Koyali"},
  { "lat" :22.5782044,"lng" : 72.8908623,"title" : "KM Post 34.1", "snippet": "KAPL Ex Koyali"},
  { "lat" :22.5786051,"lng" : 72.8899555,"title" : "KM Post 34.2", "snippet": "KAPL Ex Koyali"},
  { "lat" :22.5789685,"lng" : 72.8891276,"title" : "KM Post 34.3", "snippet": "KAPL Ex Koyali"},
  { "lat" :22.5793384,"lng" : 72.8882853,"title" : "KM Post 34.4", "snippet": "KAPL Ex Koyali"},
  { "lat" :22.5797532,"lng" : 72.8873309,"title" : "KM Post 34.5", "snippet": "KAPL Ex Koyali"},
  { "lat" :22.5801125,"lng" : 72.8865143,"title" : "KM Post 34.6", "snippet": "KAPL Ex Koyali"},
  { "lat" :22.5805055,"lng" : 72.8856131,"title" : "KM Post 34.7", "snippet": "KAPL Ex Koyali"},
  { "lat" :22.5809137,"lng" : 72.8846857,"title" : "KM Post 34.8", "snippet": "KAPL Ex Koyali"},
  { "lat" :22.5812762,"lng" : 72.8838531,"title" : "KM Post 34.9", "snippet": "KAPL Ex Koyali"},
  { "lat" :22.5816748,"lng" : 72.8829373,"title" : "KM Post 35", "snippet": "KAPL Ex Koyali"},
  { "lat" :22.5820339,"lng" : 72.882129,"title" : "KM Post 35.1", "snippet": "KAPL Ex Koyali"},
  { "lat" :22.5824509,"lng" : 72.8811788,"title" : "KM Post 35.2", "snippet": "KAPL Ex Koyali"},
  { "lat" :22.582823,"lng" : 72.8803452,"title" : "KM Post 35.3", "snippet": "KAPL Ex Koyali"},
  { "lat" :22.5832296,"lng" : 72.8794153,"title" : "KM Post 35.4", "snippet": "KAPL Ex Koyali"},
  { "lat" :22.5835976,"lng" : 72.8785813,"title" : "KM Post 35.5", "snippet": "KAPL Ex Koyali"},
  { "lat" :22.5839957,"lng" : 72.87767,"title" : "KM Post 35.6", "snippet": "KAPL Ex Koyali"},
  { "lat" :22.5844298,"lng" : 72.876807,"title" : "KM Post 35.7", "snippet": "KAPL Ex Koyali"},
  { "lat" :22.5850109,"lng" : 72.8761547,"title" : "KM Post 35.8", "snippet": "KAPL Ex Koyali"},
  { "lat" :22.5856843,"lng" : 72.875395,"title" : "KM Post 35.9", "snippet": "KAPL Ex Koyali"},
  { "lat" :22.5862775,"lng" : 72.8747198,"title" : "KM Post 36", "snippet": "KAPL Ex Koyali"},
  { "lat" :22.5868745,"lng" : 72.874044,"title" : "KM Post 36.1", "snippet": "KAPL Ex Koyali"},
  { "lat" :22.5875309,"lng" : 72.8733012,"title" : "KM Post 36.2", "snippet": "KAPL Ex Koyali"},
  { "lat" :22.5881629,"lng" : 72.872594,"title" : "KM Post 36.3", "snippet": "KAPL Ex Koyali"},
  { "lat" :22.5887457,"lng" : 72.87193,"title" : "KM Post 36.4", "snippet": "KAPL Ex Koyali"},
  { "lat" :22.5894023,"lng" : 72.871187,"title" : "KM Post 36.5", "snippet": "KAPL Ex Koyali"},
  { "lat" :22.5899939,"lng" : 72.870525,"title" : "KM Post 36.6", "snippet": "KAPL Ex Koyali"},
  { "lat" :22.5906712,"lng" : 72.8697618,"title" : "KM Post 36.7", "snippet": "KAPL Ex Koyali"},
  { "lat" :22.5912708,"lng" : 72.8690842,"title" : "KM Post 36.8", "snippet": "KAPL Ex Koyali"},
  { "lat" :22.5918653,"lng" : 72.868403,"title" : "KM Post 36.9", "snippet": "KAPL Ex Koyali"},
  { "lat" :22.5925053,"lng" : 72.8676737,"title" : "KM Post 37", "snippet": "KAPL Ex Koyali"},
  { "lat" :22.5931055,"lng" : 72.8669938,"title" : "KM Post 37.1", "snippet": "KAPL Ex Koyali"},
  { "lat" :22.5937468,"lng" : 72.8662678,"title" : "KM Post 37.2", "snippet": "KAPL Ex Koyali"},
  { "lat" :22.5945019,"lng" : 72.8657947,"title" : "KM Post 37.3", "snippet": "KAPL Ex Koyali"},
  { "lat" :22.5951109,"lng" : 72.8651373,"title" : "KM Post 37.4", "snippet": "KAPL Ex Koyali"},
  { "lat" :22.5957968,"lng" : 72.864397,"title" : "KM Post 37.5", "snippet": "KAPL Ex Koyali"},
  { "lat" :22.5964307,"lng" : 72.8637096,"title" : "KM Post 37.6", "snippet": "KAPL Ex Koyali"},
  { "lat" :22.5970424,"lng" : 72.8630479,"title" : "KM Post 37.7", "snippet": "KAPL Ex Koyali"},
  { "lat" :22.5976706,"lng" : 72.8623703,"title" : "KM Post 37.8", "snippet": "KAPL Ex Koyali"},
  { "lat" :22.5983097,"lng" : 72.861681,"title" : "KM Post 37.9", "snippet": "KAPL Ex Koyali"},
  { "lat" :22.5989257,"lng" : 72.861012,"title" : "KM Post 38", "snippet": "KAPL Ex Koyali"},
  { "lat" :22.5995722,"lng" : 72.8603203,"title" : "KM Post 38.1", "snippet": "KAPL Ex Koyali"},
  { "lat" :22.6002394,"lng" : 72.8596042,"title" : "KM Post 38.2", "snippet": "KAPL Ex Koyali"},
  { "lat" :22.6008432,"lng" : 72.8589466,"title" : "KM Post 38.3", "snippet": "KAPL Ex Koyali"},
  { "lat" :22.6014656,"lng" : 72.858266,"title" : "KM Post 38.4", "snippet": "KAPL Ex Koyali"},
  { "lat" :22.6021391,"lng" : 72.8575433,"title" : "KM Post 38.5", "snippet": "KAPL Ex Koyali"},
  { "lat" :22.6027422,"lng" : 72.8568905,"title" : "KM Post 38.6", "snippet": "KAPL Ex Koyali"},
  { "lat" :22.6034073,"lng" : 72.8561704,"title" : "KM Post 38.7", "snippet": "KAPL Ex Koyali"},
  { "lat" :22.604032,"lng" : 72.8554884,"title" : "KM Post 38.8", "snippet": "KAPL Ex Koyali"},
  { "lat" :22.6046438,"lng" : 72.8548249,"title" : "KM Post 38.9", "snippet": "KAPL Ex Koyali"},
  { "lat" :22.6053296,"lng" : 72.854082,"title" : "KM Post 39", "snippet": "KAPL Ex Koyali"},
  { "lat" :22.6059243,"lng" : 72.8534416,"title" : "KM Post 39.1", "snippet": "KAPL Ex Koyali"},
  { "lat" :22.6065809,"lng" : 72.8527641,"title" : "KM Post 39.2", "snippet": "KAPL Ex Koyali"},
  { "lat" :22.6072479,"lng" : 72.8521082,"title" : "KM Post 39.3", "snippet": "KAPL Ex Koyali"},
  { "lat" :22.6079455,"lng" : 72.8514126,"title" : "KM Post 39.4", "snippet": "KAPL Ex Koyali"},
  { "lat" :22.6085847,"lng" : 72.8507801,"title" : "KM Post 39.5", "snippet": "KAPL Ex Koyali"},
  { "lat" :22.6092957,"lng" : 72.8500793,"title" : "KM Post 39.6", "snippet": "KAPL Ex Koyali"},
  { "lat" :22.6099292,"lng" : 72.8494469,"title" : "KM Post 39.7", "snippet": "KAPL Ex Koyali"},
  { "lat" :22.6105595,"lng" : 72.8488202,"title" : "KM Post 39.8", "snippet": "KAPL Ex Koyali"},
  { "lat" :22.6112039,"lng" : 72.8481479,"title" : "KM Post 39.9", "snippet": "KAPL Ex Koyali"},
  { "lat" :22.6118402,"lng" : 72.8474333,"title" : "KM Post 40", "snippet": "KAPL Ex Koyali"},
  { "lat" :22.6124817,"lng" : 72.8467136,"title" : "KM Post 40.1", "snippet": "KAPL Ex Koyali"},
  { "lat" :22.6131412,"lng" : 72.8461179,"title" : "KM Post 40.2", "snippet": "KAPL Ex Koyali"},
  { "lat" :22.6138861,"lng" : 72.8454899,"title" : "KM Post 40.3", "snippet": "KAPL Ex Koyali"},
  { "lat" :22.614546,"lng" : 72.8448728,"title" : "KM Post 40.4", "snippet": "KAPL Ex Koyali"},
  { "lat" :22.6152599,"lng" : 72.8441716,"title" : "KM Post 40.5", "snippet": "KAPL Ex Koyali"},
  { "lat" :22.6159377,"lng" : 72.8434922,"title" : "KM Post 40.6", "snippet": "KAPL Ex Koyali"},
  { "lat" :22.6165878,"lng" : 72.8428518,"title" : "KM Post 40.7", "snippet": "KAPL Ex Koyali"},
  { "lat" :22.6172018,"lng" : 72.8422438,"title" : "KM Post 40.8", "snippet": "KAPL Ex Koyali"},
  { "lat" :22.617893,"lng" : 72.8415468,"title" : "KM Post 40.9", "snippet": "KAPL Ex Koyali"},
  { "lat" :22.6186164,"lng" : 72.8409579,"title" : "KM Post 41", "snippet": "KAPL Ex Koyali"},
  { "lat" :22.619348,"lng" : 72.8403979,"title" : "KM Post 41.1", "snippet": "KAPL Ex Koyali"},
  { "lat" :22.6200442,"lng" : 72.8397995,"title" : "KM Post 41.2", "snippet": "KAPL Ex Koyali"},
  { "lat" :22.620544,"lng" : 72.8390064,"title" : "KM Post 41.3", "snippet": "KAPL Ex Koyali"},
  { "lat" :22.6212079,"lng" : 72.838377,"title" : "KM Post 41.4", "snippet": "KAPL Ex Koyali"},
  { "lat" :22.6219443,"lng" : 72.8376948,"title" : "KM Post 41.5", "snippet": "KAPL Ex Koyali"},
  { "lat" :22.6225551,"lng" : 72.8371061,"title" : "KM Post 41.6", "snippet": "KAPL Ex Koyali"},
  { "lat" :22.6232726,"lng" : 72.8364336,"title" : "KM Post 41.7", "snippet": "KAPL Ex Koyali"},
  { "lat" :22.6239195,"lng" : 72.8358309,"title" : "KM Post 41.8", "snippet": "KAPL Ex Koyali"},
  { "lat" :22.6246541,"lng" : 72.8351408,"title" : "KM Post 41.9", "snippet": "KAPL Ex Koyali"},
  { "lat" :22.6252917,"lng" : 72.8345431,"title" : "KM Post 42", "snippet": "KAPL Ex Koyali"},
  { "lat" :22.6260212,"lng" : 72.8338641,"title" : "KM Post 42.1", "snippet": "KAPL Ex Koyali"},
  { "lat" :22.6266586,"lng" : 72.8332614,"title" : "KM Post 42.2", "snippet": "KAPL Ex Koyali"},
  { "lat" :22.6273637,"lng" : 72.8325973,"title" : "KM Post 42.3", "snippet": "KAPL Ex Koyali"},
  { "lat" :22.6279984,"lng" : 72.832,"title" : "KM Post 42.4", "snippet": "KAPL Ex Koyali"},
  { "lat" :22.6286825,"lng" : 72.8313591,"title" : "KM Post 42.5", "snippet": "KAPL Ex Koyali"},
  { "lat" :22.6293853,"lng" : 72.8306945,"title" : "KM Post 42.6", "snippet": "KAPL Ex Koyali"},
  { "lat" :22.6300515,"lng" : 72.8300723,"title" : "KM Post 42.7", "snippet": "KAPL Ex Koyali"},
  { "lat" :22.6307215,"lng" : 72.8294408,"title" : "KM Post 42.8", "snippet": "KAPL Ex Koyali"},
  { "lat" :22.6314096,"lng" : 72.8287953,"title" : "KM Post 42.9", "snippet": "KAPL Ex Koyali"},
  { "lat" :22.6320994,"lng" : 72.8281446,"title" : "KM Post 43", "snippet": "KAPL Ex Koyali"},
  { "lat" :22.6328375,"lng" : 72.827456,"title" : "KM Post 43.1", "snippet": "KAPL Ex Koyali"},
  { "lat" :22.6334887,"lng" : 72.8268409,"title" : "KM Post 43.2", "snippet": "KAPL Ex Koyali"},
  { "lat" :22.6341285,"lng" : 72.8262426,"title" : "KM Post 43.3", "snippet": "KAPL Ex Koyali"},
  { "lat" :22.6348073,"lng" : 72.8256022,"title" : "KM Post 43.4", "snippet": "KAPL Ex Koyali"},
  { "lat" :22.6355166,"lng" : 72.8249386,"title" : "KM Post 43.5", "snippet": "KAPL Ex Koyali"},
  { "lat" :22.6362484,"lng" : 72.8242636,"title" : "KM Post 43.6", "snippet": "KAPL Ex Koyali"},
  { "lat" :22.636857,"lng" : 72.8236901,"title" : "KM Post 43.7", "snippet": "KAPL Ex Koyali"},
  { "lat" :22.6375885,"lng" : 72.823006,"title" : "KM Post 43.8", "snippet": "KAPL Ex Koyali"},
  { "lat" :22.6382436,"lng" : 72.8223913,"title" : "KM Post 43.9", "snippet": "KAPL Ex Koyali"},
  { "lat" :22.638909,"lng" : 72.8217828,"title" : "KM Post 44", "snippet": "KAPL Ex Koyali"},
  { "lat" :22.639597,"lng" : 72.8211341,"title" : "KM Post 44.1", "snippet": "KAPL Ex Koyali"},
  { "lat" :22.6403232,"lng" : 72.8204434,"title" : "KM Post 44.2", "snippet": "KAPL Ex Koyali"},
  { "lat" :22.6409822,"lng" : 72.8198225,"title" : "KM Post 44.3", "snippet": "KAPL Ex Koyali"},
  { "lat" :22.6415336,"lng" : 72.819115,"title" : "KM Post 44.4", "snippet": "KAPL Ex Koyali"},
  { "lat" :22.6420492,"lng" : 72.8182393,"title" : "KM Post 44.5", "snippet": "KAPL Ex Koyali"},
  { "lat" :22.642501,"lng" : 72.8174679,"title" : "KM Post 44.6", "snippet": "KAPL Ex Koyali"},
  { "lat" :22.6429745,"lng" : 72.8166659,"title" : "KM Post 44.7", "snippet": "KAPL Ex Koyali"},
  { "lat" :22.6434813,"lng" : 72.8158093,"title" : "KM Post 44.8", "snippet": "KAPL Ex Koyali"},
  { "lat" :22.6439485,"lng" : 72.8150205,"title" : "KM Post 44.9", "snippet": "KAPL Ex Koyali"},
  { "lat" :22.6444672,"lng" : 72.8141432,"title" : "KM Post 45", "snippet": "KAPL Ex Koyali"},
  { "lat" :22.6449462,"lng" : 72.8133253,"title" : "KM Post 45.1", "snippet": "KAPL Ex Koyali"},
  { "lat" :22.6454003,"lng" : 72.8125669,"title" : "KM Post 45.2", "snippet": "KAPL Ex Koyali"},
  { "lat" :22.6459296,"lng" : 72.8116869,"title" : "KM Post 45.3", "snippet": "KAPL Ex Koyali"},
  { "lat" :22.6463883,"lng" : 72.8109029,"title" : "KM Post 45.4", "snippet": "KAPL Ex Koyali"},
  { "lat" :22.6468592,"lng" : 72.8101045,"title" : "KM Post 45.5", "snippet": "KAPL Ex Koyali"},
  { "lat" :22.6473679,"lng" : 72.8092462,"title" : "KM Post 45.6", "snippet": "KAPL Ex Koyali"},
  { "lat" :22.6478559,"lng" : 72.8084122,"title" : "KM Post 45.7", "snippet": "KAPL Ex Koyali"},
  { "lat" :22.6483266,"lng" : 72.8076159,"title" : "KM Post 45.8", "snippet": "KAPL Ex Koyali"},
  { "lat" :22.6488466,"lng" : 72.8067327,"title" : "KM Post 45.9", "snippet": "KAPL Ex Koyali"},
  { "lat" :22.6493042,"lng" : 72.8059697,"title" : "KM Post 46", "snippet": "KAPL Ex Koyali"},
  { "lat" :22.6497847,"lng" : 72.8051508,"title" : "KM Post 46.1", "snippet": "KAPL Ex Koyali"},
  { "lat" :22.650283,"lng" : 72.8043011,"title" : "KM Post 46.2", "snippet": "KAPL Ex Koyali"},
  { "lat" :22.6507384,"lng" : 72.8035301,"title" : "KM Post 46.3", "snippet": "KAPL Ex Koyali"},
  { "lat" :22.6512506,"lng" : 72.8026607,"title" : "KM Post 46.4", "snippet": "KAPL Ex Koyali"},
  { "lat" :22.6517208,"lng" : 72.8018712,"title" : "KM Post 46.5", "snippet": "KAPL Ex Koyali"},
  { "lat" :22.6521963,"lng" : 72.8010535,"title" : "KM Post 46.6", "snippet": "KAPL Ex Koyali"},
  { "lat" :22.652671,"lng" : 72.800211,"title" : "KM Post 46.7", "snippet": "KAPL Ex Koyali"},
  { "lat" :22.6531693,"lng" : 72.7993201,"title" : "KM Post 46.8", "snippet": "KAPL Ex Koyali"},
  { "lat" :22.65362,"lng" : 72.7985227,"title" : "KM Post 46.9", "snippet": "KAPL Ex Koyali"},
  { "lat" :22.6540907,"lng" : 72.7976888,"title" : "KM Post 47", "snippet": "KAPL Ex Koyali"},
  { "lat" :22.6545275,"lng" : 72.796904,"title" : "KM Post 47.1", "snippet": "KAPL Ex Koyali"},
  { "lat" :22.6550185,"lng" : 72.796027,"title" : "KM Post 47.2", "snippet": "KAPL Ex Koyali"},
  { "lat" :22.6554762,"lng" : 72.7952108,"title" : "KM Post 47.3", "snippet": "KAPL Ex Koyali"},
  { "lat" :22.6559364,"lng" : 72.7943924,"title" : "KM Post 47.4", "snippet": "KAPL Ex Koyali"},
  { "lat" :22.6564056,"lng" : 72.793544,"title" : "KM Post 47.5", "snippet": "KAPL Ex Koyali"},
  { "lat" :22.6568586,"lng" : 72.7927424,"title" : "KM Post 47.6", "snippet": "KAPL Ex Koyali"},
  { "lat" :22.6573472,"lng" : 72.7918748,"title" : "KM Post 47.7", "snippet": "KAPL Ex Koyali"},
  { "lat" :22.6578125,"lng" : 72.7910419,"title" : "KM Post 47.8", "snippet": "KAPL Ex Koyali"},
  { "lat" :22.6582925,"lng" : 72.7901842,"title" : "KM Post 47.9", "snippet": "KAPL Ex Koyali"},
  { "lat" :22.6587335,"lng" : 72.7893954,"title" : "KM Post 48", "snippet": "KAPL Ex Koyali"},
  { "lat" :22.6591868,"lng" : 72.78858,"title" : "KM Post 48.1", "snippet": "KAPL Ex Koyali"},
  { "lat" :22.659684,"lng" : 72.7876834,"title" : "KM Post 48.2", "snippet": "KAPL Ex Koyali"},
  { "lat" :22.6601526,"lng" : 72.786836,"title" : "KM Post 48.3", "snippet": "KAPL Ex Koyali"},
  { "lat" :22.6605806,"lng" : 72.7860629,"title" : "KM Post 48.4", "snippet": "KAPL Ex Koyali"},
  { "lat" :22.6610632,"lng" : 72.785202,"title" : "KM Post 48.5", "snippet": "KAPL Ex Koyali"},
  { "lat" :22.661516,"lng" : 72.7844063,"title" : "KM Post 48.6", "snippet": "KAPL Ex Koyali"},
  { "lat" :22.662006,"lng" : 72.783542,"title" : "KM Post 48.7", "snippet": "KAPL Ex Koyali"},
  { "lat" :22.6624576,"lng" : 72.7827384,"title" : "KM Post 48.8", "snippet": "KAPL Ex Koyali"},
  { "lat" :22.6629295,"lng" : 72.7818984,"title" : "KM Post 48.9", "snippet": "KAPL Ex Koyali"},
  { "lat" :22.663396,"lng" : 72.7810528,"title" : "KM Post 49", "snippet": "KAPL Ex Koyali"},
  { "lat" :22.6638871,"lng" : 72.7801768,"title" : "KM Post 49.1", "snippet": "KAPL Ex Koyali"},
  { "lat" :22.664316,"lng" : 72.7793997,"title" : "KM Post 49.2", "snippet": "KAPL Ex Koyali"},
  { "lat" :22.6647792,"lng" : 72.7785773,"title" : "KM Post 49.3", "snippet": "KAPL Ex Koyali"},
  { "lat" :22.6652521,"lng" : 72.7777471,"title" : "KM Post 49.4", "snippet": "KAPL Ex Koyali"},
  { "lat" :22.6657353,"lng" : 72.7768944,"title" : "KM Post 49.5", "snippet": "KAPL Ex Koyali"},
  { "lat" :22.6661921,"lng" : 72.7760898,"title" : "KM Post 49.6", "snippet": "KAPL Ex Koyali"},
  { "lat" :22.6668161,"lng" : 72.7752962,"title" : "KM Post 49.7", "snippet": "KAPL Ex Koyali"},
  { "lat" :22.6674607,"lng" : 72.7746972,"title" : "KM Post 49.8", "snippet": "KAPL Ex Koyali"},
  { "lat" :22.6679023,"lng" : 72.7739098,"title" : "KM Post 49.9", "snippet": "KAPL Ex Koyali"},
  { "lat" :22.6684014,"lng" : 72.7730428,"title" : "KM Post 50", "snippet": "KAPL Ex Koyali"},
  { "lat" :22.6688368,"lng" : 72.7722804,"title" : "KM Post 50.1", "snippet": "KAPL Ex Koyali"},
  { "lat" :22.6693104,"lng" : 72.7714525,"title" : "KM Post 50.2", "snippet": "KAPL Ex Koyali"},
  { "lat" :22.6697858,"lng" : 72.7706182,"title" : "KM Post 50.3", "snippet": "KAPL Ex Koyali"},
  { "lat" :22.6702925,"lng" : 72.769747,"title" : "KM Post 50.4", "snippet": "KAPL Ex Koyali"},
  { "lat" :22.6707353,"lng" : 72.7689694,"title" : "KM Post 50.5", "snippet": "KAPL Ex Koyali"},
  { "lat" :22.6712403,"lng" : 72.7680907,"title" : "KM Post 50.6", "snippet": "KAPL Ex Koyali"},
  { "lat" :22.6716873,"lng" : 72.7673151,"title" : "KM Post 50.7", "snippet": "KAPL Ex Koyali"},
  { "lat" :22.6721904,"lng" : 72.7664466,"title" : "KM Post 50.8", "snippet": "KAPL Ex Koyali"},
  { "lat" :22.6726419,"lng" : 72.7656609,"title" : "KM Post 50.9", "snippet": "KAPL Ex Koyali"},
  { "lat" :22.6731474,"lng" : 72.7647761,"title" : "KM Post 51", "snippet": "KAPL Ex Koyali"},
  { "lat" :22.6735968,"lng" : 72.7640052,"title" : "KM Post 51.1", "snippet": "KAPL Ex Koyali"},
  { "lat" :22.6740939,"lng" : 72.7631308,"title" : "KM Post 51.2", "snippet": "KAPL Ex Koyali"},
  { "lat" :22.6745428,"lng" : 72.7623535,"title" : "KM Post 51.3", "snippet": "KAPL Ex Koyali"},
  { "lat" :22.6750208,"lng" : 72.7615183,"title" : "KM Post 51.4", "snippet": "KAPL Ex Koyali"},
  { "lat" :22.6755233,"lng" : 72.7606477,"title" : "KM Post 51.5", "snippet": "KAPL Ex Koyali"},
  { "lat" :22.6759718,"lng" : 72.7598752,"title" : "KM Post 51.6", "snippet": "KAPL Ex Koyali"},
  { "lat" :22.6764631,"lng" : 72.7590137,"title" : "KM Post 51.7", "snippet": "KAPL Ex Koyali"},
  { "lat" :22.6769745,"lng" : 72.758139,"title" : "KM Post 51.8", "snippet": "KAPL Ex Koyali"},
  { "lat" :22.6773886,"lng" : 72.757334,"title" : "KM Post 51.9", "snippet": "KAPL Ex Koyali"},
  { "lat" :22.6778326,"lng" : 72.7564704,"title" : "KM Post 52", "snippet": "KAPL Ex Koyali"},
  { "lat" :22.6783066,"lng" : 72.7557019,"title" : "KM Post 52.1", "snippet": "KAPL Ex Koyali"},
  { "lat" :22.6788397,"lng" : 72.7548519,"title" : "KM Post 52.2", "snippet": "KAPL Ex Koyali"},
  { "lat" :22.679329,"lng" : 72.7540263,"title" : "KM Post 52.3", "snippet": "KAPL Ex Koyali"},
  { "lat" :22.6797658,"lng" : 72.7532462,"title" : "KM Post 52.4", "snippet": "KAPL Ex Koyali"},
  { "lat" :22.6802608,"lng" : 72.7524082,"title" : "KM Post 52.5", "snippet": "KAPL Ex Koyali"},
  { "lat" :22.6807222,"lng" : 72.7516038,"title" : "KM Post 52.6", "snippet": "KAPL Ex Koyali"},
  { "lat" :22.6811938,"lng" : 72.7507772,"title" : "KM Post 52.7", "snippet": "KAPL Ex Koyali"},
  { "lat" :22.6816741,"lng" : 72.7499405,"title" : "KM Post 52.8", "snippet": "KAPL Ex Koyali"},
  { "lat" :22.6821859,"lng" : 72.7490539,"title" : "KM Post 52.9", "snippet": "KAPL Ex Koyali"},
  { "lat" :22.6826287,"lng" : 72.7482895,"title" : "KM Post 53", "snippet": "KAPL Ex Koyali"},
  { "lat" :22.68311,"lng" : 72.747456,"title" : "KM Post 53.1", "snippet": "KAPL Ex Koyali"},
  { "lat" :22.6835906,"lng" : 72.7466323,"title" : "KM Post 53.2", "snippet": "KAPL Ex Koyali"},
  { "lat" :22.6840596,"lng" : 72.7458204,"title" : "KM Post 53.3", "snippet": "KAPL Ex Koyali"},
  { "lat" :22.6845354,"lng" : 72.74499,"title" : "KM Post 53.4", "snippet": "KAPL Ex Koyali"},
  { "lat" :22.6850086,"lng" : 72.7441654,"title" : "KM Post 53.5", "snippet": "KAPL Ex Koyali"},
  { "lat" :22.6855137,"lng" : 72.7432873,"title" : "KM Post 53.6", "snippet": "KAPL Ex Koyali"},
  { "lat" :22.6859677,"lng" : 72.7424956,"title" : "KM Post 53.7", "snippet": "KAPL Ex Koyali"},
  { "lat" :22.6864489,"lng" : 72.7416667,"title" : "KM Post 53.8", "snippet": "KAPL Ex Koyali"},
  { "lat" :22.6871701,"lng" : 72.7410135,"title" : "KM Post 53.9", "snippet": "KAPL Ex Koyali"},
  { "lat" :22.687822,"lng" : 72.740435,"title" : "KM Post 54", "snippet": "KAPL Ex Koyali"},
  { "lat" :22.6883789,"lng" : 72.739722,"title" : "KM Post 54.1", "snippet": "KAPL Ex Koyali"},
  { "lat" :22.6889845,"lng" : 72.7389435,"title" : "KM Post 54.2", "snippet": "KAPL Ex Koyali"},
  { "lat" :22.6895354,"lng" : 72.7382461,"title" : "KM Post 54.3", "snippet": "KAPL Ex Koyali"},
  { "lat" :22.690147,"lng" : 72.7374616,"title" : "KM Post 54.4", "snippet": "KAPL Ex Koyali"},
  { "lat" :22.6906921,"lng" : 72.7367589,"title" : "KM Post 54.5", "snippet": "KAPL Ex Koyali"},
  { "lat" :22.6912953,"lng" : 72.735986,"title" : "KM Post 54.6", "snippet": "KAPL Ex Koyali"},
  { "lat" :22.6919036,"lng" : 72.7352072,"title" : "KM Post 54.7", "snippet": "KAPL Ex Koyali"},
  { "lat" :22.6924608,"lng" : 72.7344915,"title" : "KM Post 54.8", "snippet": "KAPL Ex Koyali"},
  { "lat" :22.6930472,"lng" : 72.7337368,"title" : "KM Post 54.9", "snippet": "KAPL Ex Koyali"},
  { "lat" :22.6936073,"lng" : 72.7330247,"title" : "KM Post 55", "snippet": "KAPL Ex Koyali"},
  { "lat" :22.6941954,"lng" : 72.732275,"title" : "KM Post 55.1", "snippet": "KAPL Ex Koyali"},
  { "lat" :22.6948233,"lng" : 72.7314737,"title" : "KM Post 55.2", "snippet": "KAPL Ex Koyali"},
  { "lat" :22.6953702,"lng" : 72.7307748,"title" : "KM Post 55.3", "snippet": "KAPL Ex Koyali"},
  { "lat" :22.6959708,"lng" : 72.7300011,"title" : "KM Post 55.4", "snippet": "KAPL Ex Koyali"},
  { "lat" :22.696534,"lng" : 72.7292872,"title" : "KM Post 55.5", "snippet": "KAPL Ex Koyali"},
  { "lat" :22.6971263,"lng" : 72.7285158,"title" : "KM Post 55.6", "snippet": "KAPL Ex Koyali"},
  { "lat" :22.6977023,"lng" : 72.7277995,"title" : "KM Post 55.7", "snippet": "KAPL Ex Koyali"},
  { "lat" :22.6982615,"lng" : 72.72709,"title" : "KM Post 55.8", "snippet": "KAPL Ex Koyali"},
  { "lat" :22.698878,"lng" : 72.7263,"title" : "KM Post 55.9", "snippet": "KAPL Ex Koyali"},
  { "lat" :22.6994788,"lng" : 72.7255311,"title" : "KM Post 56", "snippet": "KAPL Ex Koyali"},
  { "lat" :22.700044,"lng" : 72.7248149,"title" : "KM Post 56.1", "snippet": "KAPL Ex Koyali"},
  { "lat" :22.7006012,"lng" : 72.7241009,"title" : "KM Post 56.2", "snippet": "KAPL Ex Koyali"},
  { "lat" :22.7012354,"lng" : 72.723335,"title" : "KM Post 56.3", "snippet": "KAPL Ex Koyali"},
  { "lat" :22.7018246,"lng" : 72.7225634,"title" : "KM Post 56.4", "snippet": "KAPL Ex Koyali"},
  { "lat" :22.7023584,"lng" : 72.7218841,"title" : "KM Post 56.5", "snippet": "KAPL Ex Koyali"},
  { "lat" :22.7029704,"lng" : 72.7211023,"title" : "KM Post 56.6", "snippet": "KAPL Ex Koyali"},
  { "lat" :22.7035453,"lng" : 72.7203665,"title" : "KM Post 56.7", "snippet": "KAPL Ex Koyali"},
  { "lat" :22.7041412,"lng" : 72.7196117,"title" : "KM Post 56.8", "snippet": "KAPL Ex Koyali"},
  { "lat" :22.7047173,"lng" : 72.7188779,"title" : "KM Post 56.9", "snippet": "KAPL Ex Koyali"},
  { "lat" :22.7052958,"lng" : 72.7181505,"title" : "KM Post 57", "snippet": "KAPL Ex Koyali"},
  { "lat" :22.7058768,"lng" : 72.7174146,"title" : "KM Post 57.1", "snippet": "KAPL Ex Koyali"},
  { "lat" :22.7064739,"lng" : 72.716668,"title" : "KM Post 57.2", "snippet": "KAPL Ex Koyali"},
  { "lat" :22.707063,"lng" : 72.7159236,"title" : "KM Post 57.3", "snippet": "KAPL Ex Koyali"},
  { "lat" :22.7076143,"lng" : 72.715224,"title" : "KM Post 57.4", "snippet": "KAPL Ex Koyali"},
  { "lat" :22.7082365,"lng" : 72.7144345,"title" : "KM Post 57.5", "snippet": "KAPL Ex Koyali"},
  { "lat" :22.7087886,"lng" : 72.7137365,"title" : "KM Post 57.6", "snippet": "KAPL Ex Koyali"},
  { "lat" :22.7093991,"lng" : 72.7129614,"title" : "KM Post 57.7", "snippet": "KAPL Ex Koyali"},
  { "lat" :22.7099761,"lng" : 72.7122274,"title" : "KM Post 57.8", "snippet": "KAPL Ex Koyali"},
  { "lat" :22.7105407,"lng" : 72.7115218,"title" : "KM Post 57.9", "snippet": "KAPL Ex Koyali"},
  { "lat" :22.7111309,"lng" : 72.7107727,"title" : "KM Post 58", "snippet": "KAPL Ex Koyali"},
  { "lat" :22.7117098,"lng" : 72.7100338,"title" : "KM Post 58.1", "snippet": "KAPL Ex Koyali"},
  { "lat" :22.7123489,"lng" : 72.7092343,"title" : "KM Post 58.2", "snippet": "KAPL Ex Koyali"},
  { "lat" :22.7128865,"lng" : 72.7085534,"title" : "KM Post 58.3", "snippet": "KAPL Ex Koyali"},
  { "lat" :22.7134757,"lng" : 72.7078009,"title" : "KM Post 58.4", "snippet": "KAPL Ex Koyali"},
  { "lat" :22.7141084,"lng" : 72.7070016,"title" : "KM Post 58.5", "snippet": "KAPL Ex Koyali"},
  { "lat" :22.7146431,"lng" : 72.7063293,"title" : "KM Post 58.6", "snippet": "KAPL Ex Koyali"},
  { "lat" :22.7152905,"lng" : 72.705519,"title" : "KM Post 58.7", "snippet": "KAPL Ex Koyali"},
  { "lat" :22.7158512,"lng" : 72.7048134,"title" : "KM Post 58.8", "snippet": "KAPL Ex Koyali"},
  { "lat" :22.7164467,"lng" : 72.7040597,"title" : "KM Post 58.9", "snippet": "KAPL Ex Koyali"},
  { "lat" :22.7169913,"lng" : 72.7033721,"title" : "KM Post 59", "snippet": "KAPL Ex Koyali"},
  { "lat" :22.7176225,"lng" : 72.7025725,"title" : "KM Post 59.1", "snippet": "KAPL Ex Koyali"},
  { "lat" :22.7181713,"lng" : 72.7018769,"title" : "KM Post 59.2", "snippet": "KAPL Ex Koyali"},
  { "lat" :22.7188007,"lng" : 72.7010886,"title" : "KM Post 59.3", "snippet": "KAPL Ex Koyali"},
  { "lat" :22.719362,"lng" : 72.7003866,"title" : "KM Post 59.4", "snippet": "KAPL Ex Koyali"},
  { "lat" :22.7200814,"lng" : 72.6998923,"title" : "KM Post 59.5", "snippet": "KAPL Ex Koyali"},
  { "lat" :22.7207228,"lng" : 72.6991836,"title" : "KM Post 59.6", "snippet": "KAPL Ex Koyali"},
  { "lat" :22.7213348,"lng" : 72.698509,"title" : "KM Post 59.7", "snippet": "KAPL Ex Koyali"},
  { "lat" :22.7220094,"lng" : 72.6977706,"title" : "KM Post 59.8", "snippet": "KAPL Ex Koyali"},
  { "lat" :22.7226688,"lng" : 72.6970468,"title" : "KM Post 59.9", "snippet": "KAPL Ex Koyali"},
  { "lat" :22.7232716,"lng" : 72.6963882,"title" : "KM Post 60", "snippet": "KAPL Ex Koyali"},
  { "lat" :22.7238752,"lng" : 72.6957287,"title" : "KM Post 60.1", "snippet": "KAPL Ex Koyali"},
  { "lat" :22.7245267,"lng" : 72.6950139,"title" : "KM Post 60.2", "snippet": "KAPL Ex Koyali"},
  { "lat" :22.7251353,"lng" : 72.6943403,"title" : "KM Post 60.3", "snippet": "KAPL Ex Koyali"},
  { "lat" :22.7257638,"lng" : 72.6936535,"title" : "KM Post 60.4", "snippet": "KAPL Ex Koyali"},
  { "lat" :22.7264041,"lng" : 72.6929645,"title" : "KM Post 60.5", "snippet": "KAPL Ex Koyali"},
  { "lat" :22.7270609,"lng" : 72.6922896,"title" : "KM Post 60.6", "snippet": "KAPL Ex Koyali"},
  { "lat" :22.7276817,"lng" : 72.6915754,"title" : "KM Post 60.7", "snippet": "KAPL Ex Koyali"},
  { "lat" :22.7283253,"lng" : 72.6908532,"title" : "KM Post 60.8", "snippet": "KAPL Ex Koyali"},
  { "lat" :22.7289307,"lng" : 72.6901818,"title" : "KM Post 60.9", "snippet": "KAPL Ex Koyali"},
  { "lat" :22.7297471,"lng" : 72.6897656,"title" : "KM Post 61", "snippet": "KAPL Ex Koyali"},
  { "lat" :22.7305936,"lng" : 72.6897898,"title" : "KM Post 61.1", "snippet": "KAPL Ex Koyali"},
  { "lat" :22.7315734,"lng" : 72.689811,"title" : "KM Post 61.2", "snippet": "KAPL Ex Koyali"},
  { "lat" :22.7323909,"lng" : 72.6898467,"title" : "KM Post 61.3", "snippet": "KAPL Ex Koyali"},
  { "lat" :22.7333387,"lng" : 72.6898669,"title" : "KM Post 61.4", "snippet": "KAPL Ex Koyali"},
  { "lat" :22.7342,"lng" : 72.6898848,"title" : "KM Post 61.5", "snippet": "KAPL Ex Koyali"},
  { "lat" :22.7351722,"lng" : 72.6899162,"title" : "KM Post 61.6", "snippet": "KAPL Ex Koyali"},
  { "lat" :22.7360172,"lng" : 72.6899075,"title" : "KM Post 61.7", "snippet": "KAPL Ex Koyali"},
  { "lat" :22.7369627,"lng" : 72.6899397,"title" : "KM Post 61.8", "snippet": "KAPL Ex Koyali"},
  { "lat" :22.7377029,"lng" : 72.6902989,"title" : "KM Post 61.9", "snippet": "KAPL Ex Koyali"},
  { "lat" :22.7385676,"lng" : 72.6898826,"title" : "KM Post 62", "snippet": "KAPL Ex Koyali"},
  { "lat" :22.7393607,"lng" : 72.6895229,"title" : "KM Post 62.1", "snippet": "KAPL Ex Koyali"},
  { "lat" :22.7402422,"lng" : 72.6891224,"title" : "KM Post 62.2", "snippet": "KAPL Ex Koyali"},
  { "lat" :22.7410368,"lng" : 72.6887669,"title" : "KM Post 62.3", "snippet": "KAPL Ex Koyali"},
  { "lat" :22.7419092,"lng" : 72.688383,"title" : "KM Post 62.4", "snippet": "KAPL Ex Koyali"},
  { "lat" :22.7426933,"lng" : 72.6880342,"title" : "KM Post 62.5", "snippet": "KAPL Ex Koyali"},
  { "lat" :22.7435136,"lng" : 72.6876683,"title" : "KM Post 62.6", "snippet": "KAPL Ex Koyali"},
  { "lat" :22.7443792,"lng" : 72.6872986,"title" : "KM Post 62.7", "snippet": "KAPL Ex Koyali"},
  { "lat" :22.7449929,"lng" : 72.6867773,"title" : "KM Post 62.8", "snippet": "KAPL Ex Koyali"},
  { "lat" :22.7449439,"lng" : 72.6857865,"title" : "KM Post 62.9", "snippet": "KAPL Ex Koyali"},
  { "lat" :22.7448969,"lng" : 72.6848502,"title" : "KM Post 63", "snippet": "KAPL Ex Koyali"},
  { "lat" :22.7447658,"lng" : 72.6838699,"title" : "KM Post 63.1", "snippet": "KAPL Ex Koyali"},
  { "lat" :22.7454257,"lng" : 72.6831944,"title" : "KM Post 63.2", "snippet": "KAPL Ex Koyali"},
  { "lat" :22.7461768,"lng" : 72.6827539,"title" : "KM Post 63.3", "snippet": "KAPL Ex Koyali"},
  { "lat" :22.7467361,"lng" : 72.6821844,"title" : "KM Post 63.4", "snippet": "KAPL Ex Koyali"},
  { "lat" :22.7466248,"lng" : 72.6812228,"title" : "KM Post 63.5", "snippet": "KAPL Ex Koyali"},
  { "lat" :22.7464963,"lng" : 72.6802686,"title" : "KM Post 63.6", "snippet": "KAPL Ex Koyali"},
  { "lat" :22.746384,"lng" : 72.6793056,"title" : "KM Post 63.7", "snippet": "KAPL Ex Koyali"},
  { "lat" :22.7459414,"lng" : 72.6786552,"title" : "KM Post 63.8", "snippet": "KAPL Ex Koyali"},
  { "lat" :22.7456732,"lng" : 72.6777011,"title" : "KM Post 63.9", "snippet": "KAPL Ex Koyali"},
  { "lat" :22.7453659,"lng" : 72.6767141,"title" : "KM Post 64", "snippet": "KAPL Ex Koyali"},
  { "lat" :22.7450976,"lng" : 72.6758737,"title" : "KM Post 64.1", "snippet": "KAPL Ex Koyali"},
  { "lat" :22.7450124,"lng" : 72.6749143,"title" : "KM Post 64.2", "snippet": "KAPL Ex Koyali"},
  { "lat" :22.7449693,"lng" : 72.6738835,"title" : "KM Post 64.3", "snippet": "KAPL Ex Koyali"},
  { "lat" :22.7449311,"lng" : 72.6729555,"title" : "KM Post 64.4", "snippet": "KAPL Ex Koyali"},
  { "lat" :22.7448555,"lng" : 72.6719075,"title" : "KM Post 64.5", "snippet": "KAPL Ex Koyali"},
  { "lat" :22.744765,"lng" : 72.6709825,"title" : "KM Post 64.6", "snippet": "KAPL Ex Koyali"},
  { "lat" :22.7446698,"lng" : 72.6700019,"title" : "KM Post 64.7", "snippet": "KAPL Ex Koyali"},
  { "lat" :22.7445693,"lng" : 72.6690982,"title" : "KM Post 64.8", "snippet": "KAPL Ex Koyali"},
  { "lat" :22.744468,"lng" : 72.6681193,"title" : "KM Post 64.9", "snippet": "KAPL Ex Koyali"},
  { "lat" :22.7443752,"lng" : 72.6671689,"title" : "KM Post 65", "snippet": "KAPL Ex Koyali"},
  { "lat" :22.7447243,"lng" : 72.6663579,"title" : "KM Post 65.1", "snippet": "KAPL Ex Koyali"},
  { "lat" :22.745491,"lng" : 72.6658152,"title" : "KM Post 65.2", "snippet": "KAPL Ex Koyali"},
  { "lat" :22.7462191,"lng" : 72.6652954,"title" : "KM Post 65.3", "snippet": "KAPL Ex Koyali"},
  { "lat" :22.7470031,"lng" : 72.6647446,"title" : "KM Post 65.4", "snippet": "KAPL Ex Koyali"},
  { "lat" :22.7477519,"lng" : 72.664225,"title" : "KM Post 65.5", "snippet": "KAPL Ex Koyali"},
  { "lat" :22.7485062,"lng" : 72.6636753,"title" : "KM Post 65.6", "snippet": "KAPL Ex Koyali"},
  { "lat" :22.74923,"lng" : 72.6631658,"title" : "KM Post 65.7", "snippet": "KAPL Ex Koyali"},
  { "lat" :22.7500121,"lng" : 72.6626052,"title" : "KM Post 65.8", "snippet": "KAPL Ex Koyali"},
  { "lat" :22.7507154,"lng" : 72.662107,"title" : "KM Post 65.9", "snippet": "KAPL Ex Koyali"},
  { "lat" :22.7514894,"lng" : 72.6615592,"title" : "KM Post 66", "snippet": "KAPL Ex Koyali"},
  { "lat" :22.7522405,"lng" : 72.6610314,"title" : "KM Post 66.1", "snippet": "KAPL Ex Koyali"},
  { "lat" :22.7530401,"lng" : 72.6604679,"title" : "KM Post 66.2", "snippet": "KAPL Ex Koyali"},
  { "lat" :22.7537608,"lng" : 72.659946,"title" : "KM Post 66.3", "snippet": "KAPL Ex Koyali"},
  { "lat" :22.7544907,"lng" : 72.6594388,"title" : "KM Post 66.4", "snippet": "KAPL Ex Koyali"},
  { "lat" :22.7552894,"lng" : 72.6588689,"title" : "KM Post 66.5", "snippet": "KAPL Ex Koyali"},
  { "lat" :22.7560022,"lng" : 72.6583606,"title" : "KM Post 66.6", "snippet": "KAPL Ex Koyali"},
  { "lat" :22.7568042,"lng" : 72.6577987,"title" : "KM Post 66.7", "snippet": "KAPL Ex Koyali"},
  { "lat" :22.7575273,"lng" : 72.6572881,"title" : "KM Post 66.8", "snippet": "KAPL Ex Koyali"},
  { "lat" :22.7582639,"lng" : 72.6567706,"title" : "KM Post 66.9", "snippet": "KAPL Ex Koyali"},
  { "lat" :22.7590533,"lng" : 72.6562074,"title" : "KM Post 67", "snippet": "KAPL Ex Koyali"},
  { "lat" :22.7597659,"lng" : 72.6557096,"title" : "KM Post 67.1", "snippet": "KAPL Ex Koyali"},
  { "lat" :22.7605716,"lng" : 72.6551316,"title" : "KM Post 67.2", "snippet": "KAPL Ex Koyali"},
  { "lat" :22.7612774,"lng" : 72.6546254,"title" : "KM Post 67.3", "snippet": "KAPL Ex Koyali"},
  { "lat" :22.7620675,"lng" : 72.6540524,"title" : "KM Post 67.4", "snippet": "KAPL Ex Koyali"},
  { "lat" :22.7627889,"lng" : 72.6535416,"title" : "KM Post 67.5", "snippet": "KAPL Ex Koyali"},
  { "lat" :22.7635581,"lng" : 72.6529945,"title" : "KM Post 67.6", "snippet": "KAPL Ex Koyali"},
  { "lat" :22.7642894,"lng" : 72.652478,"title" : "KM Post 67.7", "snippet": "KAPL Ex Koyali"},
  { "lat" :22.7650466,"lng" : 72.6519498,"title" : "KM Post 67.8", "snippet": "KAPL Ex Koyali"},
  { "lat" :22.7657856,"lng" : 72.6513938,"title" : "KM Post 67.9", "snippet": "KAPL Ex Koyali"},
  { "lat" :22.7665056,"lng" : 72.6507545,"title" : "KM Post 68", "snippet": "KAPL Ex Koyali"},
  { "lat" :22.7672458,"lng" : 72.6500741,"title" : "KM Post 68.1", "snippet": "KAPL Ex Koyali"},
  { "lat" :22.7678711,"lng" : 72.6495181,"title" : "KM Post 68.2", "snippet": "KAPL Ex Koyali"},
  { "lat" :22.7685504,"lng" : 72.648891,"title" : "KM Post 68.3", "snippet": "KAPL Ex Koyali"},
  { "lat" :22.7693011,"lng" : 72.6483566,"title" : "KM Post 68.4", "snippet": "KAPL Ex Koyali"},
  { "lat" :22.7700999,"lng" : 72.6479221,"title" : "KM Post 68.5", "snippet": "KAPL Ex Koyali"},
  { "lat" :22.7709195,"lng" : 72.6474729,"title" : "KM Post 68.6", "snippet": "KAPL Ex Koyali"},
  { "lat" :22.7717107,"lng" : 72.6470399,"title" : "KM Post 68.7", "snippet": "KAPL Ex Koyali"},
  { "lat" :22.7725226,"lng" : 72.6465953,"title" : "KM Post 68.8", "snippet": "KAPL Ex Koyali"},
  { "lat" :22.773099,"lng" : 72.6458476,"title" : "KM Post 68.9", "snippet": "KAPL Ex Koyali"},
  { "lat" :22.7736446,"lng" : 72.6450896,"title" : "KM Post 69", "snippet": "KAPL Ex Koyali"},
  { "lat" :22.7741994,"lng" : 72.6443221,"title" : "KM Post 69.1", "snippet": "KAPL Ex Koyali"},
  { "lat" :22.7747548,"lng" : 72.6435445,"title" : "KM Post 69.2", "snippet": "KAPL Ex Koyali"},
  { "lat" :22.7753279,"lng" : 72.6427615,"title" : "KM Post 69.3", "snippet": "KAPL Ex Koyali"},
  { "lat" :22.7758688,"lng" : 72.6420063,"title" : "KM Post 69.4", "snippet": "KAPL Ex Koyali"},
  { "lat" :22.7764145,"lng" : 72.6412456,"title" : "KM Post 69.5", "snippet": "KAPL Ex Koyali"},
  { "lat" :22.776984,"lng" : 72.6404595,"title" : "KM Post 69.6", "snippet": "KAPL Ex Koyali"},
  { "lat" :22.7775172,"lng" : 72.6396867,"title" : "KM Post 69.7", "snippet": "KAPL Ex Koyali"},
  { "lat" :22.7778863,"lng" : 72.6388025,"title" : "KM Post 69.8", "snippet": "KAPL Ex Koyali"},
  { "lat" :22.7782649,"lng" : 72.637923,"title" : "KM Post 69.9", "snippet": "KAPL Ex Koyali"},
  { "lat" :22.7786382,"lng" : 72.637036,"title" : "KM Post 70", "snippet": "KAPL Ex Koyali"},
  { "lat" :22.7790196,"lng" : 72.6361364,"title" : "KM Post 70.1", "snippet": "KAPL Ex Koyali"},
  { "lat" :22.779476,"lng" : 72.6352226,"title" : "KM Post 70.2", "snippet": "KAPL Ex Koyali"},
  { "lat" :22.7798297,"lng" : 72.6344159,"title" : "KM Post 70.3", "snippet": "KAPL Ex Koyali"},
  { "lat" :22.7801489,"lng" : 72.6334812,"title" : "KM Post 70.4", "snippet": "KAPL Ex Koyali"},
  { "lat" :22.780504,"lng" : 72.63262,"title" : "KM Post 70.5", "snippet": "KAPL Ex Koyali"},
  { "lat" :22.7804085,"lng" : 72.63164,"title" : "KM Post 70.6", "snippet": "KAPL Ex Koyali"},
  { "lat" :22.7803211,"lng" : 72.6306666,"title" : "KM Post 70.7", "snippet": "KAPL Ex Koyali"},
  { "lat" :22.7802956,"lng" : 72.6296864,"title" : "KM Post 70.8", "snippet": "KAPL Ex Koyali"},
  { "lat" :22.7805555,"lng" : 72.6287706,"title" : "KM Post 70.9", "snippet": "KAPL Ex Koyali"},
  { "lat" :22.7808172,"lng" : 72.6278537,"title" : "KM Post 71", "snippet": "KAPL Ex Koyali"},
  { "lat" :22.7810978,"lng" : 72.6268836,"title" : "KM Post 71.1", "snippet": "KAPL Ex Koyali"},
  { "lat" :22.7813453,"lng" : 72.6260038,"title" : "KM Post 71.2", "snippet": "KAPL Ex Koyali"},
  { "lat" :22.7816328,"lng" : 72.6250127,"title" : "KM Post 71.3", "snippet": "KAPL Ex Koyali"},
  { "lat" :22.7818839,"lng" : 72.6241444,"title" : "KM Post 71.4", "snippet": "KAPL Ex Koyali"},
  { "lat" :22.7821499,"lng" : 72.6232145,"title" : "KM Post 71.5", "snippet": "KAPL Ex Koyali"},
  { "lat" :22.7824213,"lng" : 72.6222573,"title" : "KM Post 71.6", "snippet": "KAPL Ex Koyali"},
  { "lat" :22.7827095,"lng" : 72.6212419,"title" : "KM Post 71.7", "snippet": "KAPL Ex Koyali"},
  { "lat" :22.7829543,"lng" : 72.6203991,"title" : "KM Post 71.8", "snippet": "KAPL Ex Koyali"},
  { "lat" :22.7832358,"lng" : 72.6194221,"title" : "KM Post 71.9", "snippet": "KAPL Ex Koyali"},
  { "lat" :22.7834881,"lng" : 72.61853,"title" : "KM Post 72", "snippet": "KAPL Ex Koyali"},
  { "lat" :22.7837683,"lng" : 72.6175549,"title" : "KM Post 72.1", "snippet": "KAPL Ex Koyali"},
  { "lat" :22.7840219,"lng" : 72.6166698,"title" : "KM Post 72.2", "snippet": "KAPL Ex Koyali"},
  { "lat" :22.7842829,"lng" : 72.6157665,"title" : "KM Post 72.3", "snippet": "KAPL Ex Koyali"},
  { "lat" :22.7845546,"lng" : 72.6148277,"title" : "KM Post 72.4", "snippet": "KAPL Ex Koyali"},
  { "lat" :22.7848209,"lng" : 72.6138818,"title" : "KM Post 72.5", "snippet": "KAPL Ex Koyali"},
  { "lat" :22.7850941,"lng" : 72.6129364,"title" : "KM Post 72.6", "snippet": "KAPL Ex Koyali"},
  { "lat" :22.7853543,"lng" : 72.6120318,"title" : "KM Post 72.7", "snippet": "KAPL Ex Koyali"},
  { "lat" :22.7856362,"lng" : 72.6110393,"title" : "KM Post 72.8", "snippet": "KAPL Ex Koyali"},
  { "lat" :22.7858837,"lng" : 72.6101748,"title" : "KM Post 72.9", "snippet": "KAPL Ex Koyali"},
  { "lat" :22.7861887,"lng" : 72.6092307,"title" : "KM Post 73", "snippet": "KAPL Ex Koyali"},
  { "lat" :22.7867803,"lng" : 72.6085452,"title" : "KM Post 73.1", "snippet": "KAPL Ex Koyali"},
  { "lat" :22.7874382,"lng" : 72.6077735,"title" : "KM Post 73.2", "snippet": "KAPL Ex Koyali"},
  { "lat" :22.7880025,"lng" : 72.607112,"title" : "KM Post 73.3", "snippet": "KAPL Ex Koyali"},
  { "lat" :22.7886164,"lng" : 72.6063994,"title" : "KM Post 73.4", "snippet": "KAPL Ex Koyali"},
  { "lat" :22.7892511,"lng" : 72.6056685,"title" : "KM Post 73.5", "snippet": "KAPL Ex Koyali"},
  { "lat" :22.7898559,"lng" : 72.6049583,"title" : "KM Post 73.6", "snippet": "KAPL Ex Koyali"},
  { "lat" :22.790495,"lng" : 72.604223,"title" : "KM Post 73.7", "snippet": "KAPL Ex Koyali"},
  { "lat" :22.7910713,"lng" : 72.6035455,"title" : "KM Post 73.8", "snippet": "KAPL Ex Koyali"},
  { "lat" :22.7917228,"lng" : 72.6027781,"title" : "KM Post 73.9", "snippet": "KAPL Ex Koyali"},
  { "lat" :22.7922947,"lng" : 72.6020988,"title" : "KM Post 74", "snippet": "KAPL Ex Koyali"},
  { "lat" :22.7928958,"lng" : 72.6013879,"title" : "KM Post 74.1", "snippet": "KAPL Ex Koyali"},
  { "lat" :22.7935272,"lng" : 72.6006777,"title" : "KM Post 74.2", "snippet": "KAPL Ex Koyali"},
  { "lat" :22.7941834,"lng" : 72.6000186,"title" : "KM Post 74.3", "snippet": "KAPL Ex Koyali"},
  { "lat" :22.7948511,"lng" : 72.599366,"title" : "KM Post 74.4", "snippet": "KAPL Ex Koyali"},
  { "lat" :22.7955284,"lng" : 72.5986925,"title" : "KM Post 74.5", "snippet": "KAPL Ex Koyali"},
  { "lat" :22.7962028,"lng" : 72.5980176,"title" : "KM Post 74.6", "snippet": "KAPL Ex Koyali"},
  { "lat" :22.7969151,"lng" : 72.5973121,"title" : "KM Post 74.7", "snippet": "KAPL Ex Koyali"},
  { "lat" :22.7975219,"lng" : 72.5966911,"title" : "KM Post 74.8", "snippet": "KAPL Ex Koyali"},
  { "lat" :22.7981576,"lng" : 72.5960416,"title" : "KM Post 74.9", "snippet": "KAPL Ex Koyali"},
  { "lat" :22.7988218,"lng" : 72.5953526,"title" : "KM Post 75", "snippet": "KAPL Ex Koyali"},
  { "lat" :22.7994503,"lng" : 72.5946912,"title" : "KM Post 75.1", "snippet": "KAPL Ex Koyali"},
  { "lat" :22.8001263,"lng" : 72.5939747,"title" : "KM Post 75.2", "snippet": "KAPL Ex Koyali"},
  { "lat" :22.800759,"lng" : 72.5933277,"title" : "KM Post 75.3", "snippet": "KAPL Ex Koyali"},
  { "lat" :22.8014515,"lng" : 72.5926307,"title" : "KM Post 75.4", "snippet": "KAPL Ex Koyali"},
  { "lat" :22.8020784,"lng" : 72.591997,"title" : "KM Post 75.5", "snippet": "KAPL Ex Koyali"},
  { "lat" :22.8027243,"lng" : 72.5913421,"title" : "KM Post 75.6", "snippet": "KAPL Ex Koyali"},
  { "lat" :22.8033837,"lng" : 72.5906792,"title" : "KM Post 75.7", "snippet": "KAPL Ex Koyali"},
  { "lat" :22.8040415,"lng" : 72.5900095,"title" : "KM Post 75.8", "snippet": "KAPL Ex Koyali"},
  { "lat" :22.804556,"lng" : 72.5891872,"title" : "KM Post 75.9", "snippet": "KAPL Ex Koyali"},
  { "lat" :22.8053024,"lng" : 72.5886473,"title" : "KM Post 76", "snippet": "KAPL Ex Koyali"},
  { "lat" :22.8060775,"lng" : 72.5882379,"title" : "KM Post 76.1", "snippet": "KAPL Ex Koyali"},
  { "lat" :22.8068859,"lng" : 72.5878137,"title" : "KM Post 76.2", "snippet": "KAPL Ex Koyali"},
  { "lat" :22.8077007,"lng" : 72.5873837,"title" : "KM Post 76.3", "snippet": "KAPL Ex Koyali"},
  { "lat" :22.8085079,"lng" : 72.5869583,"title" : "KM Post 76.4", "snippet": "KAPL Ex Koyali"},
  { "lat" :22.8093213,"lng" : 72.5865319,"title" : "KM Post 76.5", "snippet": "KAPL Ex Koyali"},
  { "lat" :22.8101425,"lng" : 72.5860873,"title" : "KM Post 76.6", "snippet": "KAPL Ex Koyali"},
  { "lat" :22.810953,"lng" : 72.5856712,"title" : "KM Post 76.7", "snippet": "KAPL Ex Koyali"},
  { "lat" :22.8119085,"lng" : 72.585692,"title" : "KM Post 76.8", "snippet": "KAPL Ex Koyali"},
  { "lat" :22.8126039,"lng" : 72.5861461,"title" : "KM Post 76.9", "snippet": "KAPL Ex Koyali"},
  { "lat" :22.8130014,"lng" : 72.5871062,"title" : "KM Post 77", "snippet": "KAPL Ex Koyali"},
  { "lat" :22.813352,"lng" : 72.5879841,"title" : "KM Post 77.1", "snippet": "KAPL Ex Koyali"},
  { "lat" :22.813735,"lng" : 72.5888486,"title" : "KM Post 77.2", "snippet": "KAPL Ex Koyali"},
  { "lat" :22.814124,"lng" : 72.5896848,"title" : "KM Post 77.3", "snippet": "KAPL Ex Koyali"},
  { "lat" :22.8145588,"lng" : 72.5905924,"title" : "KM Post 77.4", "snippet": "KAPL Ex Koyali"},
  { "lat" :22.8149287,"lng" : 72.5914571,"title" : "KM Post 77.5", "snippet": "KAPL Ex Koyali"},
  { "lat" :22.8152024,"lng" : 72.5923749,"title" : "KM Post 77.6", "snippet": "KAPL Ex Koyali"},
  { "lat" :22.815481,"lng" : 72.5932801,"title" : "KM Post 77.7", "snippet": "KAPL Ex Koyali"},
  { "lat" :22.8157536,"lng" : 72.5941858,"title" : "KM Post 77.8", "snippet": "KAPL Ex Koyali"},
  { "lat" :22.8160171,"lng" : 72.5951055,"title" : "KM Post 77.9", "snippet": "KAPL Ex Koyali"},
  { "lat" :22.8162686,"lng" : 72.5960369,"title" : "KM Post 78", "snippet": "KAPL Ex Koyali"},
  { "lat" :22.816542,"lng" : 72.5970676,"title" : "KM Post 78.1", "snippet": "KAPL Ex Koyali"},
  { "lat" :22.8167576,"lng" : 72.5979943,"title" : "KM Post 78.2", "snippet": "KAPL Ex Koyali"},
  { "lat" :22.8169866,"lng" : 72.598911,"title" : "KM Post 78.3", "snippet": "KAPL Ex Koyali"},
  { "lat" :22.8174607,"lng" : 72.5996746,"title" : "KM Post 78.4", "snippet": "KAPL Ex Koyali"},
  { "lat" :22.8183561,"lng" : 72.599754,"title" : "KM Post 78.5", "snippet": "KAPL Ex Koyali"},
  { "lat" :22.8192428,"lng" : 72.5996412,"title" : "KM Post 78.6", "snippet": "KAPL Ex Koyali"},
  { "lat" :22.8200562,"lng" : 72.5993017,"title" : "KM Post 78.7", "snippet": "KAPL Ex Koyali"},
  { "lat" :22.8208999,"lng" : 72.5990018,"title" : "KM Post 78.8", "snippet": "KAPL Ex Koyali"},
  { "lat" :22.8218597,"lng" : 72.5989887,"title" : "KM Post 78.9", "snippet": "KAPL Ex Koyali"},
  { "lat" :22.8226062,"lng" : 72.5991671,"title" : "KM Post 79", "snippet": "KAPL Ex Koyali"}
]
