{
  "project_info": {
    "project_number": "746692353088",
    "project_id": "hello-firebase-db5e6",
    "storage_bucket": "hello-firebase-db5e6.appspot.com"
  },
  "client": [
    {
      "client_info": {
        "mobilesdk_app_id": "1:746692353088:android:ee56aa678794d71a0b13a5",
        "android_client_info": {
          "package_name": "com.example.feb22firebase"
        }
      },
      "oauth_client": [
        {
          "client_id": "746692353088-8t0a46l8sn2mue7f17ef72q4b4eif2ls.apps.googleusercontent.com",
          "client_type": 3
        }
      ],
      "api_key": [
        {
          "current_key": "AIzaSyBedpDrYmVevqgJMvGV6O3_YqI5wV8uhLM"
        }
      ],
      "services": {
        "appinvite_service": {
          "other_platform_oauth_client": [
            {
              "client_id": "746692353088-8t0a46l8sn2mue7f17ef72q4b4eif2ls.apps.googleusercontent.com",
              "client_type": 3
            }
          ]
        }
      }
    }
  ],
  "configuration_version": "1"
}