{
  "project_info": {
    "project_number": "683943005354",
    "project_id": "crime-tracker-30002",
    "storage_bucket": "crime-tracker-30002.appspot.com"
  },
  "client": [
    {
      "client_info": {
        "mobilesdk_app_id": "1:683943005354:android:e47256528b92666ad994d3",
        "android_client_info": {
          "package_name": "com.example.project"
        }
      },
      "oauth_client": [
        {
          "client_id": "683943005354-il2i7njli2j9gba3mmi4csopb3fs216g.apps.googleusercontent.com",
          "client_type": 3
        }
      ],
      "api_key": [
        {
          "current_key": "AIzaSyBA3js1g3-DXJme52lbcDxTwChfrouoi0w"
        }
      ],
      "services": {
        "appinvite_service": {
          "other_platform_oauth_client": [
            {
              "client_id": "683943005354-il2i7njli2j9gba3mmi4csopb3fs216g.apps.googleusercontent.com",
              "client_type": 3
            }
          ]
        }
      }
    }
  ],
  "configuration_version": "1"
}