{
  "project_info": {
    "project_number": "236518606814",
    "project_id": "careercoach-b4543",
    "storage_bucket": "careercoach-b4543.appspot.com"
  },
  "client": [
    {
      "client_info": {
        "mobilesdk_app_id": "1:236518606814:android:68d6f697c20697dbf47f4f",
        "android_client_info": {
          "package_name": "com.example.careercoach"
        }
      },
      "oauth_client": [
        {
          "client_id": "236518606814-qvmmegm03mnkrbvtd5fq2p5tjoshiqp0.apps.googleusercontent.com",
          "client_type": 1,
          "android_info": {
            "package_name": "com.example.careercoach",
            "certificate_hash": "35dfb44c1a411037519fcd6f40996a93da62fd1e"
          }
        },
        {
          "client_id": "236518606814-ujmnh46k4almouh4li8687lq189d9n2n.apps.googleusercontent.com",
          "client_type": 3
        }
      ],
      "api_key": [
        {
          "current_key": "AIzaSyAz7A7F2kKC_RnJ0mojFjJHTGO9AMBinfI"
        }
      ],
      "services": {
        "appinvite_service": {
          "other_platform_oauth_client": [
            {
              "client_id": "236518606814-ujmnh46k4almouh4li8687lq189d9n2n.apps.googleusercontent.com",
              "client_type": 3
            }
          ]
        }
      }
    }
  ],
  "configuration_version": "1"
}